2026-06-05  22:38:29,A1,Empty,1116,1500
2026-06-05  22:38:29,A2,Empty,1256,1800
2026-06-05  22:38:29,A3, Detected,1886,1500
2026-06-05  22:38:31,A1,Empty,1473,1500
2026-06-05  22:38:31,A2,Empty,1475,1800
2026-06-05  22:38:31,A3, Detected,6529,1500
2026-06-05  22:38:33,A1,Empty,1072,1500
2026-06-05  22:38:33,A2,Empty,1454,1800
2026-06-05  22:38:33,A3, Detected,6387,1500
2026-06-05  22:38:35,A1,Empty,1072,1500
2026-06-05  22:38:35,A2,Empty,1432,1800
2026-06-05  22:38:35,A3, Detected,6865,1500
2026-06-05  22:38:37,A1,Empty,1073,1500
2026-06-05  22:38:37,A2,Empty,1354,1800
2026-06-05  22:38:37,A3, Detected,6768,1500
2026-06-05  22:38:39,A1,Empty,1071,1500
2026-06-05  22:38:39,A2,Empty,1610,1800
2026-06-05  22:38:39,A3, Detected,6599,1500
2026-06-05  22:38:41,A1,Empty,1072,1500
2026-06-05  22:38:41,A2,Empty,1611,1800
2026-06-05  22:38:41,A3, Detected,6838,1500
2026-06-05  22:38:43,A1,Empty,1072,1500
2026-06-05  22:38:43,A2,Empty,1615,1800
2026-06-05  22:38:43,A3, Detected,6471,1500
2026-06-05  22:44:14,A1,Empty,1072,1500
2026-06-05  22:44:14,A2,Empty,1616,1800
2026-06-05  22:44:14,A3, Detected,6670,1500
2026-06-05  22:44:16,A1,Empty,1072,1500
2026-06-05  22:44:16,A2,Empty,1433,1800
2026-06-05  22:44:16,A3, Detected,6780,1500
2026-06-05  22:44:18,A1,Empty,1072,1500
2026-06-05  22:44:18,A2,Empty,1631,1800
2026-06-05  22:44:18,A3, Detected,6427,1500
2026-06-05  22:44:20,A1,Empty,1072,1500
2026-06-05  22:44:20,A2,Empty,1600,1800
2026-06-05  22:44:20,A3, Detected,6671,1500
2026-06-05  22:44:22,A1,Empty,1072,1500
2026-06-05  22:44:22,A2,Empty,1479,1800
2026-06-05  22:44:22,A3, Detected,6490,1500
2026-06-05  22:44:24,A1,Empty,1072,1500
2026-06-05  22:44:24,A2,Empty,1598,1800
2026-06-05  22:44:24,A3, Detected,6784,1500
2026-06-05  22:44:26,A1,Empty,1072,1500
2026-06-05  22:44:26,A2,Empty,1608,1800
2026-06-05  22:44:26,A3, Detected,6505,1500
2026-06-05  22:44:28,A1,Empty,1072,1500
2026-06-05  22:44:28,A2,Empty,1613,1800
2026-06-05  22:44:28,A3, Detected,6705,1500
2026-06-05  22:44:30,A1,Empty,1072,1500
2026-06-05  22:44:30,A2,Empty,1496,1800
2026-06-05  22:44:30,A3, Detected,6654,1500
2026-06-05  22:44:32,A1,Empty,1072,1500
2026-06-05  22:44:32,A2,Empty,1598,1800
2026-06-05  22:44:32,A3, Detected,6579,1500
2026-06-05  22:44:34,A1,Empty,1072,1500
2026-06-05  22:44:34,A2,Empty,1590,1800
2026-06-05  22:44:34,A3, Detected,6620,1500
2026-06-05  22:44:36,A1,Empty,1072,1500
2026-06-05  22:44:36,A2,Empty,1599,1800
2026-06-05  22:44:36,A3, Detected,6920,1500
2026-06-05  23:33:46,A1,Empty,1072,1500
2026-06-05  23:33:46,A2,Empty,1430,1800
2026-06-05  23:33:46,A3, Detected,5979,1500
2026-06-05  23:33:48,A1,Empty,1072,1500
2026-06-05  23:33:48,A2,Empty,1631,1800
2026-06-05  23:33:48,A3, Detected,5996,1500
2026-06-05  23:33:50,A1,Empty,1072,1500
2026-06-05  23:33:50,A2,Empty,1394,1800
2026-06-05  23:33:50,A3, Detected,6086,1500
2026-06-05  23:33:52,A1,Empty,1072,1500
2026-06-05  23:33:52,A2,Empty,1556,1800
2026-06-05  23:33:52,A3, Detected,6101,1500
2026-06-05  23:33:54,A1,Empty,1072,1500
2026-06-05  23:33:54,A2,Empty,1596,1800
2026-06-05  23:33:54,A3, Detected,5952,1500
2026-06-05  23:33:56,A1,Empty,1072,1500
2026-06-05  23:33:56,A2,Empty,1536,1800
2026-06-05  23:33:56,A3, Detected,6180,1500
2026-06-05  23:33:58,A1,Empty,1072,1500
2026-06-05  23:33:58,A2,Empty,1530,1800
2026-06-05  23:33:58,A3, Detected,6096,1500
2026-06-05  23:34:00,A1,Empty,1072,1500
2026-06-05  23:34:00,A2,Empty,1428,1800
2026-06-05  23:34:00,A3, Detected,6021,1500
2026-06-05  23:34:02,A1,Empty,1072,1500
2026-06-05  23:34:02,A2,Empty,1513,1800
2026-06-05  23:34:02,A3, Detected,6063,1500
2026-06-05  23:34:04,A1,Empty,1072,1500
2026-06-05  23:34:04,A2,Empty,1602,1800
2026-06-05  23:34:04,A3, Detected,6116,1500
2026-06-05  23:34:06,A1,Empty,1072,1500
2026-06-05  23:34:06,A2,Empty,1605,1800
2026-06-05  23:34:06,A3, Detected,6018,1500
2026-06-05  23:34:08,A1,Empty,1071,1500
2026-06-05  23:34:08,A2,Empty,1542,1800
2026-06-05  23:34:08,A3, Detected,6014,1500
2026-06-05  23:34:10,A1,Empty,1075,1500
2026-06-05  23:34:10,A2,Empty,1248,1800
2026-06-05  23:34:10,A3, Detected,4021,1500
2026-06-05  23:36:12,A1,Empty,992,1500
2026-06-05  23:36:12,A2,Empty,1223,1800
2026-06-05  23:36:12,A3, Detected,7713,1500
2026-06-05  23:36:14,A1,Empty,1329,1500
2026-06-05  23:36:14,A2,Empty,1583,1800
2026-06-05  23:36:14,A3, Detected,9478,1500
2026-06-05  23:36:29,A1, Detected,1511,1500
2026-06-05  23:36:29,A2,Empty,1632,1800
2026-06-05  23:36:29,A3, Detected,9635,1500
2026-06-05  23:37:44,A1, Detected,1622,1500
2026-06-05  23:37:44,A2,Empty,1671,1800
2026-06-05  23:37:44,A3, Detected,9519,1500
2026-06-05  23:37:46,A1,Empty,1395,1500
2026-06-05  23:37:46,A2,Empty,1687,1800
2026-06-05  23:37:46,A3, Detected,9339,1500
2026-06-05  23:37:48,A1, Detected,1605,1500
2026-06-05  23:37:48,A2,Empty,1502,1800
2026-06-05  23:37:48,A3, Detected,9524,1500
2026-06-05  23:37:50,A1, Detected,1627,1500
2026-06-05  23:37:50,A2,Empty,1743,1800
2026-06-05  23:37:50,A3, Detected,9414,1500
2026-06-05  23:37:52,A1, Detected,1503,1500
2026-06-05  23:37:52,A2,Empty,1667,1800
2026-06-05  23:37:52,A3, Detected,9683,1500
2026-06-05  23:37:54,A1,Empty,1333,1500
2026-06-05  23:37:54,A2,Empty,1561,1800
2026-06-05  23:37:54,A3, Detected,8795,1500
2026-06-05  23:37:56,A1,Empty,1329,1500
2026-06-05  23:37:56,A2,Empty,1735,1800
2026-06-05  23:37:56,A3, Detected,9351,1500
2026-06-05  23:37:58,A1,Empty,1442,1500
2026-06-05  23:37:58,A2,Empty,1738,1800
2026-06-05  23:37:58,A3, Detected,9764,1500
2026-06-05  23:38:00,A1,Empty,1484,1500
2026-06-05  23:38:00,A2,Empty,1140,1800
2026-06-05  23:38:00,A3, Detected,7575,1500
2026-06-05  23:38:02,A1,Empty,853,1500
2026-06-05  23:38:02,A2,Empty,1223,1800
2026-06-05  23:38:02,A3, Detected,4373,1500
2026-06-05  23:38:04,A1,Empty,1245,1500
2026-06-05  23:38:04,A2,Empty,1394,1800
2026-06-05  23:38:04,A3, Detected,9518,1500
2026-06-05  23:38:06,A1,Empty,1486,1500
2026-06-05  23:38:06,A2,Empty,1549,1800
2026-06-05  23:38:06,A3, Detected,7656,1500
2026-06-05  23:38:08,A1,Empty,1266,1500
2026-06-05  23:38:08,A2,Empty,1507,1800
2026-06-05  23:38:08,A3, Detected,7935,1500
2026-06-05  23:38:10,A1,Empty,1106,1500
2026-06-05  23:38:10,A2,Empty,1181,1800
2026-06-05  23:38:10,A3, Detected,7518,1500
2026-06-05  23:38:12,A1,Empty,1115,1500
2026-06-05  23:38:12,A2,Empty,1187,1800
2026-06-05  23:38:12,A3, Detected,8540,1500
2026-06-05  23:38:14,A1,Empty,1117,1500
2026-06-05  23:38:14,A2,Empty,1336,1800
2026-06-05  23:38:14,A3, Detected,7201,1500
2026-06-05  23:38:16,A1,Empty,1114,1500
2026-06-05  23:38:16,A2,Empty,1426,1800
2026-06-05  23:38:16,A3, Detected,8560,1500
2026-06-05  23:38:18,A1,Empty,1113,1500
2026-06-05  23:38:18,A2,Empty,1348,1800
2026-06-05  23:38:18,A3, Detected,8455,1500
2026-06-05  23:38:20,A1,Empty,1120,1500
2026-06-05  23:38:20,A2,Empty,1417,1800
2026-06-05  23:38:20,A3, Detected,8376,1500
2026-06-05  23:38:22,A1,Empty,1114,1500
2026-06-05  23:38:22,A2,Empty,1349,1800
2026-06-05  23:38:22,A3, Detected,8272,1500
2026-06-05  23:38:24,A1,Empty,1113,1500
2026-06-05  23:38:24,A2,Empty,1344,1800
2026-06-05  23:38:24,A3, Detected,8386,1500
2026-06-05  23:38:26,A1,Empty,1114,1500
2026-06-05  23:38:26,A2,Empty,1342,1800
2026-06-05  23:38:26,A3, Detected,8424,1500
2026-06-05  23:38:28,A1,Empty,1113,1500
2026-06-05  23:38:28,A2,Empty,1321,1800
2026-06-05  23:38:28,A3, Detected,8408,1500
2026-06-05  23:38:30,A1,Empty,1116,1500
2026-06-05  23:38:30,A2,Empty,1340,1800
2026-06-05  23:38:30,A3, Detected,8324,1500
2026-06-05  23:38:32,A1,Empty,1112,1500
2026-06-05  23:38:32,A2,Empty,1272,1800
2026-06-05  23:38:32,A3, Detected,8435,1500
2026-06-05  23:38:34,A1,Empty,1114,1500
2026-06-05  23:38:34,A2,Empty,1421,1800
2026-06-05  23:38:34,A3, Detected,8526,1500
2026-06-05  23:38:36,A1,Empty,1114,1500
2026-06-05  23:38:36,A2,Empty,1340,1800
2026-06-05  23:38:36,A3, Detected,8611,1500
2026-06-05  23:38:38,A1,Empty,1114,1500
2026-06-05  23:38:38,A2,Empty,1422,1800
2026-06-05  23:38:38,A3, Detected,8525,1500
2026-06-05  23:38:40,A1,Empty,1112,1500
2026-06-05  23:38:40,A2,Empty,1426,1800
2026-06-05  23:38:40,A3, Detected,8094,1500
2026-06-05  23:38:42,A1,Empty,1113,1500
2026-06-05  23:38:42,A2,Empty,1269,1800
2026-06-05  23:38:42,A3, Detected,8521,1500
2026-06-05  23:38:44,A1,Empty,1112,1500
2026-06-05  23:38:44,A2,Empty,1267,1800
2026-06-05  23:38:44,A3, Detected,8321,1500
2026-06-05  23:38:46,A1,Empty,1115,1500
2026-06-05  23:38:46,A2,Empty,1339,1800
2026-06-05  23:38:46,A3, Detected,8293,1500
2026-06-05  23:38:48,A1,Empty,1115,1500
2026-06-05  23:38:48,A2,Empty,1341,1800
2026-06-05  23:38:48,A3, Detected,8386,1500
2026-06-05  23:38:50,A1,Empty,1114,1500
2026-06-05  23:38:50,A2,Empty,1425,1800
2026-06-05  23:38:50,A3, Detected,8478,1500
2026-06-05  23:38:58,A1,Empty,1112,1500
2026-06-05  23:38:58,A2,Empty,1422,1800
2026-06-05  23:38:58,A3, Detected,8127,1500
2026-06-05  23:39:00,A1,Empty,1119,1500
2026-06-05  23:39:00,A2,Empty,1347,1800
2026-06-05  23:39:00,A3, Detected,7962,1500
2026-06-05  23:39:02,A1,Empty,1115,1500
2026-06-05  23:39:02,A2,Empty,1348,1800
2026-06-05  23:39:02,A3, Detected,8490,1500
2026-06-05  23:39:04,A1,Empty,1113,1500
2026-06-05  23:39:04,A2,Empty,1346,1800
2026-06-05  23:39:04,A3, Detected,8378,1500
2026-06-05  23:39:06,A1,Empty,1118,1500
2026-06-05  23:39:06,A2,Empty,1426,1800
2026-06-05  23:39:06,A3, Detected,8301,1500
2026-06-05  23:39:08,A1,Empty,1114,1500
2026-06-05  23:39:08,A2,Empty,1341,1800
2026-06-05  23:39:08,A3, Detected,8196,1500
2026-06-05  23:39:10,A1,Empty,1112,1500
2026-06-05  23:39:10,A2,Empty,1434,1800
2026-06-05  23:39:10,A3, Detected,8322,1500
2026-06-05  23:39:12,A1,Empty,1114,1500
2026-06-05  23:39:12,A2,Empty,1426,1800
2026-06-05  23:39:12,A3, Detected,8076,1500
2026-06-05  23:39:14,A1,Empty,1117,1500
2026-06-05  23:39:14,A2,Empty,1345,1800
2026-06-05  23:39:14,A3, Detected,8280,1500
2026-06-05  23:39:16,A1,Empty,1113,1500
2026-06-05  23:39:16,A2,Empty,1344,1800
2026-06-05  23:39:16,A3, Detected,8471,1500
2026-06-05  23:39:18,A1,Empty,1113,1500
2026-06-05  23:39:18,A2,Empty,1437,1800
2026-06-05  23:39:18,A3, Detected,7980,1500
2026-06-05  23:39:20,A1,Empty,1114,1500
2026-06-05  23:39:20,A2,Empty,1350,1800
2026-06-05  23:39:20,A3, Detected,8511,1500
2026-06-05  23:39:22,A1,Empty,1115,1500
2026-06-05  23:39:22,A2,Empty,1404,1800
2026-06-05  23:39:22,A3, Detected,8526,1500
2026-06-05  23:39:24,A1,Empty,1113,1500
2026-06-05  23:39:24,A2,Empty,1397,1800
2026-06-05  23:39:24,A3, Detected,7807,1500
2026-06-05  23:39:26,A1,Empty,1118,1500
2026-06-05  23:39:26,A2,Empty,1387,1800
2026-06-05  23:39:26,A3, Detected,8437,1500
2026-06-05  23:39:28,A1,Empty,1116,1500
2026-06-05  23:39:28,A2,Empty,1395,1800
2026-06-05  23:39:28,A3, Detected,8136,1500
2026-06-05  23:39:30,A1,Empty,1119,1500
2026-06-05  23:39:30,A2,Empty,1308,1800
2026-06-05  23:39:30,A3, Detected,8281,1500
2026-06-05  23:39:32,A1,Empty,1113,1500
2026-06-05  23:39:32,A2,Empty,1409,1800
2026-06-05  23:39:32,A3, Detected,7899,1500
2026-06-05  23:39:34,A1,Empty,1113,1500
2026-06-05  23:39:34,A2,Empty,1401,1800
2026-06-05  23:39:34,A3, Detected,8084,1500
2026-06-05  23:39:36,A1,Empty,1116,1500
2026-06-05  23:39:36,A2,Empty,1340,1800
2026-06-05  23:39:36,A3, Detected,7861,1500
2026-06-05  23:39:38,A1,Empty,1117,1500
2026-06-05  23:39:38,A2,Empty,1350,1800
2026-06-05  23:39:38,A3, Detected,7975,1500
2026-06-05  23:39:40,A1,Empty,1113,1500
2026-06-05  23:39:40,A2,Empty,1337,1800
2026-06-05  23:39:40,A3, Detected,8008,1500
2026-06-05  23:39:42,A1,Empty,1113,1500
2026-06-05  23:39:42,A2,Empty,1347,1800
2026-06-05  23:39:42,A3, Detected,7878,1500
2026-06-05  23:39:44,A1,Empty,1112,1500
2026-06-05  23:39:44,A2,Empty,1392,1800
2026-06-05  23:39:44,A3, Detected,7761,1500
2026-06-05  23:39:46,A1,Empty,1113,1500
2026-06-05  23:39:46,A2,Empty,1309,1800
2026-06-05  23:39:46,A3, Detected,8264,1500
2026-06-05  23:39:48,A1,Empty,1113,1500
2026-06-05  23:39:48,A2,Empty,1339,1800
2026-06-05  23:39:48,A3, Detected,8259,1500
2026-06-05  23:39:50,A1,Empty,1113,1500
2026-06-05  23:39:50,A2,Empty,1331,1800
2026-06-05  23:39:50,A3, Detected,8134,1500
2026-06-05  23:39:52,A1,Empty,1117,1500
2026-06-05  23:39:52,A2,Empty,1377,1800
2026-06-05  23:39:52,A3, Detected,7877,1500
2026-06-05  23:39:54,A1,Empty,1112,1500
2026-06-05  23:39:54,A2,Empty,1396,1800
2026-06-05  23:39:54,A3, Detected,8257,1500
2026-06-05  23:39:56,A1,Empty,1119,1500
2026-06-05  23:39:56,A2,Empty,1346,1800
2026-06-05  23:39:56,A3, Detected,7911,1500
2026-06-05  23:39:58,A1,Empty,1118,1500
2026-06-05  23:39:58,A2,Empty,1338,1800
2026-06-05  23:39:58,A3, Detected,7978,1500
2026-06-05  23:40:00,A1,Empty,1112,1500
2026-06-05  23:40:00,A2,Empty,1421,1800
2026-06-05  23:40:00,A3, Detected,8251,1500
2026-06-05  23:40:02,A1,Empty,1113,1500
2026-06-05  23:40:02,A2,Empty,1462,1800
2026-06-05  23:40:02,A3, Detected,7649,1500
2026-06-05  23:40:04,A1,Empty,1119,1500
2026-06-05  23:40:04,A2, Detected,2441,1800
2026-06-05  23:40:04,A3, Detected,7690,1500
2026-06-05  23:40:06,A1,Empty,1112,1500
2026-06-05  23:40:06,A2, Detected,2457,1800
2026-06-05  23:40:06,A3, Detected,7885,1500
2026-06-05  23:40:08,A1,Empty,1119,1500
2026-06-05  23:40:08,A2,Empty,1505,1800
2026-06-05  23:40:08,A3, Detected,8187,1500
2026-06-05  23:40:10,A1,Empty,1120,1500
2026-06-05  23:40:10,A2,Empty,1437,1800
2026-06-05  23:40:10,A3, Detected,8228,1500
2026-06-05  23:40:12,A1, Detected,2408,1500
2026-06-05  23:40:12,A2,Empty,1191,1800
2026-06-05  23:40:12,A3, Detected,7404,1500
2026-06-05  23:40:14,A1, Detected,2192,1500
2026-06-05  23:40:14,A2,Empty,1458,1800
2026-06-05  23:40:14,A3, Detected,8063,1500
2026-06-05  23:40:16,A1, Detected,2343,1500
2026-06-05  23:40:16,A2,Empty,1169,1800
2026-06-05  23:40:16,A3, Detected,7976,1500
2026-06-05  23:40:18,A1,Empty,1112,1500
2026-06-05  23:40:18,A2,Empty,1307,1800
2026-06-05  23:40:18,A3, Detected,7987,1500
2026-06-05  23:40:20,A1,Empty,1117,1500
2026-06-05  23:40:20,A2,Empty,1305,1800
2026-06-05  23:40:20,A3, Detected,8685,1500
2026-06-05  23:40:22,A1,Empty,1115,1500
2026-06-05  23:40:22,A2,Empty,1219,1800
2026-06-05  23:40:22,A3, Detected,8163,1500
2026-06-05  23:40:24,A1,Empty,1113,1500
2026-06-05  23:40:24,A2,Empty,1213,1800
2026-06-05  23:40:24,A3, Detected,8046,1500
2026-06-05  23:40:26,A1,Empty,1119,1500
2026-06-05  23:40:26,A2,Empty,1300,1800
2026-06-05  23:40:26,A3, Detected,7959,1500
2026-06-05  23:40:28,A1,Empty,1114,1500
2026-06-05  23:40:28,A2,Empty,1218,1800
2026-06-05  23:40:28,A3, Detected,8238,1500
2026-06-05  23:40:30,A1,Empty,1113,1500
2026-06-05  23:40:30,A2,Empty,1216,1800
2026-06-05  23:40:30,A3, Detected,8566,1500
2026-06-05  23:40:32,A1,Empty,1112,1500
2026-06-05  23:40:32,A2,Empty,1212,1800
2026-06-05  23:40:32,A3, Detected,8800,1500
2026-06-05  23:40:34,A1,Empty,1113,1500
2026-06-05  23:40:34,A2,Empty,1220,1800
2026-06-05  23:40:34,A3, Detected,8514,1500
2026-06-05  23:40:36,A1,Empty,1113,1500
2026-06-05  23:40:36,A2,Empty,1215,1800
2026-06-05  23:40:36,A3, Detected,8580,1500
2026-06-06  01:27:01,A1,Empty,1113,1500
2026-06-06  01:27:01,A2,Empty,1232,1800
2026-06-06  01:27:01,A3, Detected,8657,1500
2026-06-06  01:27:03,A1,Empty,1113,1500
2026-06-06  01:27:03,A2,Empty,1242,1800
2026-06-06  01:27:03,A3, Detected,8616,1500
2026-06-06  01:27:05,A1,Empty,1112,1500
2026-06-06  01:27:05,A2,Empty,1239,1800
2026-06-06  01:27:05,A3, Detected,8383,1500
2026-06-06  01:27:07,A1,Empty,1114,1500
2026-06-06  01:27:07,A2,Empty,1305,1800
2026-06-06  01:27:07,A3, Detected,8584,1500
2026-06-06  01:27:09,A1,Empty,1113,1500
2026-06-06  01:27:09,A2,Empty,1309,1800
2026-06-06  01:27:09,A3, Detected,8293,1500
2026-06-06  01:27:11,A1,Empty,1120,1500
2026-06-06  01:27:11,A2,Empty,1234,1800
2026-06-06  01:27:11,A3, Detected,8567,1500
2026-06-06  01:27:13,A1,Empty,1113,1500
2026-06-06  01:27:13,A2,Empty,1235,1800
2026-06-06  01:27:13,A3, Detected,7849,1500
2026-06-06  01:27:15,A1,Empty,1113,1500
2026-06-06  01:27:15,A2,Empty,1232,1800
2026-06-06  01:27:15,A3, Detected,8661,1500
2026-06-06  01:27:17,A1,Empty,1113,1500
2026-06-06  01:27:17,A2,Empty,1239,1800
2026-06-06  01:27:17,A3, Detected,8439,1500
2026-06-06  01:27:19,A1,Empty,1113,1500
2026-06-06  01:27:19,A2,Empty,1250,1800
2026-06-06  01:27:19,A3, Detected,8642,1500
2026-06-06  01:27:21,A1,Empty,1113,1500
2026-06-06  01:27:21,A2,Empty,1308,1800
2026-06-06  01:27:21,A3, Detected,8333,1500
2026-06-06  01:27:23,A1,Empty,1113,1500
2026-06-06  01:27:23,A2,Empty,1455,1800
2026-06-06  01:27:23,A3, Detected,7607,1500
2026-06-06  01:27:25,A1,Empty,1114,1500
2026-06-06  01:27:25,A2, Detected,2356,1800
2026-06-06  01:27:25,A3, Detected,7921,1500
2026-06-06  01:27:27,A1,Empty,1113,1500
2026-06-06  01:27:27,A2, Detected,2546,1800
2026-06-06  01:27:27,A3, Detected,8619,1500
2026-06-06  01:27:29,A1,Empty,1113,1500
2026-06-06  01:27:29,A2, Detected,2362,1800
2026-06-06  01:27:29,A3, Detected,8605,1500
2026-06-06  01:27:31,A1,Empty,1114,1500
2026-06-06  01:27:31,A2, Detected,2422,1800
2026-06-06  01:27:31,A3, Detected,7982,1500
2026-06-06  01:27:33,A1,Empty,1114,1500
2026-06-06  01:27:33,A2,Empty,1738,1800
2026-06-06  01:27:33,A3, Detected,8344,1500
2026-06-06  01:27:35,A1,Empty,1120,1500
2026-06-06  01:27:35,A2,Empty,1354,1800
2026-06-06  01:27:35,A3, Detected,8011,1500
2026-06-06  01:27:37,A1, Detected,2389,1500
2026-06-06  01:27:37,A2,Empty,1233,1800
2026-06-06  01:27:37,A3, Detected,8537,1500
2026-06-06  01:27:39,A1, Detected,2319,1500
2026-06-06  01:27:39,A2,Empty,1221,1800
2026-06-06  01:27:39,A3, Detected,8847,1500
2026-06-06  01:27:41,A1, Detected,2304,1500
2026-06-06  01:27:41,A2,Empty,1224,1800
2026-06-06  01:27:41,A3, Detected,8820,1500
2026-06-06  01:31:03,A1, Detected,2377,1500
2026-06-06  01:31:03,A2,Empty,1223,1800
2026-06-06  01:31:03,A3, Detected,8900,1500
2026-06-06  01:31:05,A1, Detected,2321,1500
2026-06-06  01:31:05,A2,Empty,1278,1800
2026-06-06  01:31:05,A3, Detected,8702,1500
2026-06-06  01:31:07,A1, Detected,2339,1500
2026-06-06  01:31:07,A2,Empty,1221,1800
2026-06-06  01:31:07,A3, Detected,8537,1500
2026-06-06  01:31:09,A1, Detected,2369,1500
2026-06-06  01:31:09,A2,Empty,1222,1800
2026-06-06  01:31:09,A3, Detected,8758,1500
2026-06-06  01:31:11,A1, Detected,2397,1500
2026-06-06  01:31:11,A2,Empty,1213,1800
2026-06-06  01:31:11,A3, Detected,8794,1500
2026-06-06  01:31:13,A1, Detected,2410,1500
2026-06-06  01:31:13,A2,Empty,1247,1800
2026-06-06  01:31:13,A3, Detected,8654,1500
2026-06-06  01:31:15,A1, Detected,2208,1500
2026-06-06  01:31:15,A2,Empty,1219,1800
2026-06-06  01:31:15,A3, Detected,8588,1500
2026-06-06  01:31:17,A1, Detected,2113,1500
2026-06-06  01:31:17,A2,Empty,1223,1800
2026-06-06  01:31:17,A3, Detected,8854,1500
2026-06-06  01:31:19,A1, Detected,2163,1500
2026-06-06  01:31:19,A2,Empty,1295,1800
2026-06-06  01:31:19,A3, Detected,8734,1500
2026-06-06  01:31:21,A1, Detected,2242,1500
2026-06-06  01:31:21,A2,Empty,1272,1800
2026-06-06  01:31:21,A3, Detected,8898,1500
2026-06-06  01:31:23,A1, Detected,2357,1500
2026-06-06  01:31:23,A2,Empty,1215,1800
2026-06-06  01:31:23,A3, Detected,8847,1500
2026-06-06  01:31:25,A1, Detected,2327,1500
2026-06-06  01:31:25,A2,Empty,1223,1800
2026-06-06  01:31:25,A3, Detected,8715,1500
2026-06-06  01:31:27,A1, Detected,2344,1500
2026-06-06  01:31:27,A2,Empty,1220,1800
2026-06-06  01:31:27,A3, Detected,8818,1500
2026-06-06  01:31:29,A1, Detected,2353,1500
2026-06-06  01:31:29,A2,Empty,1274,1800
2026-06-06  01:31:29,A3, Detected,8745,1500
2026-06-06  01:31:31,A1, Detected,2444,1500
2026-06-06  01:31:31,A2,Empty,1223,1800
2026-06-06  01:31:31,A3, Detected,8734,1500
2026-06-06  01:31:33,A1, Detected,2345,1500
2026-06-06  01:31:33,A2,Empty,1221,1800
2026-06-06  01:31:33,A3, Detected,8927,1500
2026-06-06  01:31:35,A1, Detected,2301,1500
2026-06-06  01:31:35,A2,Empty,1156,1800
2026-06-06  01:31:35,A3, Detected,8897,1500
2026-06-06  01:31:37,A1, Detected,2156,1500
2026-06-06  01:31:37,A2,Empty,1216,1800
2026-06-06  01:31:37,A3, Detected,8643,1500
2026-06-06  01:31:39,A1, Detected,2390,1500
2026-06-06  01:31:39,A2,Empty,1216,1800
2026-06-06  01:31:39,A3, Detected,8772,1500
2026-06-06  01:31:41,A1, Detected,2373,1500
2026-06-06  01:31:41,A2,Empty,1218,1800
2026-06-06  01:31:41,A3, Detected,8875,1500
2026-06-06  01:31:43,A1, Detected,2162,1500
2026-06-06  01:31:43,A2,Empty,1212,1800
2026-06-06  01:31:43,A3, Detected,8861,1500
2026-06-06  01:31:45,A1, Detected,2388,1500
2026-06-06  01:31:45,A2,Empty,1222,1800
2026-06-06  01:31:45,A3, Detected,8576,1500
2026-06-06  01:31:47,A1, Detected,2324,1500
2026-06-06  01:31:47,A2,Empty,1219,1800
2026-06-06  01:31:47,A3, Detected,8710,1500
2026-06-06  01:31:49,A1, Detected,2246,1500
2026-06-06  01:31:49,A2,Empty,1214,1800
2026-06-06  01:31:49,A3, Detected,8655,1500
2026-06-06  01:31:51,A1, Detected,2161,1500
2026-06-06  01:31:51,A2,Empty,1213,1800
2026-06-06  01:31:51,A3, Detected,8839,1500
2026-06-06  01:31:53,A1, Detected,2101,1500
2026-06-06  01:31:53,A2,Empty,1215,1800
2026-06-06  01:31:53,A3, Detected,8527,1500
2026-06-06  01:31:55,A1, Detected,2333,1500
2026-06-06  01:31:55,A2,Empty,1214,1800
2026-06-06  01:31:55,A3, Detected,8731,1500
2026-06-06  01:31:57,A1, Detected,2217,1500
2026-06-06  01:31:57,A2,Empty,1208,1800
2026-06-06  01:31:57,A3, Detected,8745,1500
2026-06-06  01:31:59,A1, Detected,2471,1500
2026-06-06  01:31:59,A2,Empty,1215,1800
2026-06-06  01:31:59,A3, Detected,8750,1500
2026-06-06  01:32:01,A1, Detected,2191,1500
2026-06-06  01:32:01,A2,Empty,1207,1800
2026-06-06  01:32:01,A3, Detected,8784,1500
2026-06-06  01:32:03,A1, Detected,2291,1500
2026-06-06  01:32:03,A2,Empty,1211,1800
2026-06-06  01:32:03,A3, Detected,8818,1500
2026-06-06  01:32:05,A1, Detected,2507,1500
2026-06-06  01:32:05,A2,Empty,1205,1800
2026-06-06  01:32:05,A3, Detected,8834,1500
2026-06-06  01:32:07,A1, Detected,2486,1500
2026-06-06  01:32:07,A2,Empty,1205,1800
2026-06-06  01:32:07,A3, Detected,8859,1500
2026-06-06  01:32:09,A1, Detected,2375,1500
2026-06-06  01:32:09,A2,Empty,1208,1800
2026-06-06  01:32:09,A3, Detected,8859,1500
2026-06-06  01:32:11,A1, Detected,2349,1500
2026-06-06  01:32:11,A2,Empty,1206,1800
2026-06-06  01:32:11,A3, Detected,8795,1500
2026-06-06  01:32:13,A1, Detected,2265,1500
2026-06-06  01:32:13,A2,Empty,1215,1800
2026-06-06  01:32:13,A3, Detected,8885,1500
2026-06-06  01:32:15,A1, Detected,2272,1500
2026-06-06  01:32:15,A2,Empty,1341,1800
2026-06-06  01:32:15,A3, Detected,8347,1500
2026-06-06  01:32:17,A1, Detected,1958,1500
2026-06-06  01:32:17,A2, Detected,2627,1800
2026-06-06  01:32:17,A3, Detected,8515,1500
2026-06-06  01:32:19,A1, Detected,2099,1500
2026-06-06  01:32:19,A2, Detected,2281,1800
2026-06-06  01:32:19,A3, Detected,7777,1500
2026-06-06  01:32:21,A1, Detected,2271,1500
2026-06-06  01:32:21,A2,Empty,1288,1800
2026-06-06  01:32:21,A3, Detected,8717,1500
2026-06-06  01:32:23,A1, Detected,1977,1500
2026-06-06  01:32:23,A2,Empty,1338,1800
2026-06-06  01:32:23,A3, Detected,8102,1500
2026-06-06  01:32:25,A1,Empty,1114,1500
2026-06-06  01:32:25,A2,Empty,1213,1800
2026-06-06  01:32:25,A3, Detected,8183,1500
2026-06-06  01:32:27,A1,Empty,1127,1500
2026-06-06  01:32:27,A2,Empty,1213,1800
2026-06-06  01:32:27,A3, Detected,8663,1500
2026-06-06  01:32:29,A1,Empty,1118,1500
2026-06-06  01:32:29,A2, Detected,2043,1800
2026-06-06  01:32:29,A3, Detected,8049,1500
2026-06-06  01:32:31,A1,Empty,1113,1500
2026-06-06  01:32:31,A2,Empty,1215,1800
2026-06-06  01:32:31,A3, Detected,8611,1500
2026-06-06  01:32:33,A1,Empty,1113,1500
2026-06-06  01:32:33,A2,Empty,1204,1800
2026-06-06  01:32:33,A3, Detected,8827,1500
2026-06-06  01:32:35,A1,Empty,1112,1500
2026-06-06  01:32:35,A2,Empty,1201,1800
2026-06-06  01:32:35,A3, Detected,8516,1500
2026-06-06  01:32:37,A1,Empty,1113,1500
2026-06-06  01:32:37,A2,Empty,1147,1800
2026-06-06  01:32:37,A3, Detected,8931,1500
2026-06-06  01:32:39,A1,Empty,1112,1500
2026-06-06  01:32:39,A2,Empty,1198,1800
2026-06-06  01:32:39,A3, Detected,8851,1500
2026-06-06  01:32:41,A1,Empty,1113,1500
2026-06-06  01:32:41,A2,Empty,1201,1800
2026-06-06  01:32:41,A3, Detected,8665,1500
2026-06-06  01:32:43,A1,Empty,1113,1500
2026-06-06  01:32:43,A2,Empty,1197,1800
2026-06-06  01:32:43,A3, Detected,8644,1500
2026-06-06  21:08:32,A1,Empty,1116,1500
2026-06-06  21:08:32,A2,Empty,1256,1800
2026-06-06  21:08:32,A3, Detected,1886,1500
2026-06-06  21:08:34,A1,Empty,1116,1500
2026-06-06  21:08:34,A2,Empty,1376,1800
2026-06-06  21:08:34,A3, Detected,7715,1500
2026-06-06  21:08:36,A1,Empty,1116,1500
2026-06-06  21:08:36,A2,Empty,1467,1800
2026-06-06  21:08:36,A3, Detected,7706,1500
2026-06-06  21:08:38,A1,Empty,1116,1500
2026-06-06  21:08:38,A2,Empty,1400,1800
2026-06-06  21:08:38,A3, Detected,7915,1500
2026-06-06  21:08:40,A1,Empty,1116,1500
2026-06-06  21:08:40,A2,Empty,1399,1800
2026-06-06  21:08:40,A3, Detected,8081,1500
2026-06-06  21:08:42,A1,Empty,1116,1500
2026-06-06  21:08:42,A2,Empty,1399,1800
2026-06-06  21:08:42,A3, Detected,7543,1500
2026-06-06  21:08:44,A1,Empty,1124,1500
2026-06-06  21:08:44,A2,Empty,1399,1800
2026-06-06  21:08:44,A3, Detected,7690,1500
2026-06-06  21:08:46,A1,Empty,1116,1500
2026-06-06  21:08:46,A2,Empty,1399,1800
2026-06-06  21:08:46,A3, Detected,7411,1500
2026-06-06  21:08:48,A1,Empty,1116,1500
2026-06-06  21:08:48,A2,Empty,1398,1800
2026-06-06  21:08:48,A3, Detected,7813,1500
2026-06-06  21:08:50,A1,Empty,1116,1500
2026-06-06  21:08:50,A2,Empty,1399,1800
2026-06-06  21:08:50,A3, Detected,7526,1500
2026-06-06  21:08:52,A1,Empty,1116,1500
2026-06-06  21:08:52,A2,Empty,1398,1800
2026-06-06  21:08:52,A3, Detected,7985,1500
2026-06-06  21:08:54,A1,Empty,1116,1500
2026-06-06  21:08:54,A2,Empty,1399,1800
2026-06-06  21:08:54,A3, Detected,7964,1500
2026-06-06  21:08:56,A1,Empty,1116,1500
2026-06-06  21:08:56,A2,Empty,1399,1800
2026-06-06  21:08:56,A3, Detected,7998,1500
2026-06-06  21:08:58,A1,Empty,1116,1500
2026-06-06  21:08:58,A2,Empty,1476,1800
2026-06-06  21:08:58,A3, Detected,7771,1500
2026-06-06  21:09:00,A1,Empty,1116,1500
2026-06-06  21:09:00,A2,Empty,1398,1800
2026-06-06  21:09:00,A3, Detected,7893,1500
2026-06-06  21:09:02,A1,Empty,1116,1500
2026-06-06  21:09:02,A2,Empty,1398,1800
2026-06-06  21:09:02,A3, Detected,8140,1500
2026-06-06  21:09:04,A1,Empty,1116,1500
2026-06-06  21:09:04,A2,Empty,1400,1800
2026-06-06  21:09:04,A3, Detected,8181,1500
2026-06-06  21:09:06,A1,Empty,1116,1500
2026-06-06  21:09:06,A2,Empty,1399,1800
2026-06-06  21:09:06,A3, Detected,8146,1500
2026-06-06  21:09:08,A1,Empty,1116,1500
2026-06-06  21:09:08,A2,Empty,1395,1800
2026-06-06  21:09:08,A3, Detected,8078,1500
2026-06-06  21:09:10,A1,Empty,1116,1500
2026-06-06  21:09:10,A2,Empty,1396,1800
2026-06-06  21:09:10,A3, Detected,7951,1500
2026-06-06  21:09:12,A1,Empty,1116,1500
2026-06-06  21:09:12,A2,Empty,1391,1800
2026-06-06  21:09:12,A3, Detected,7987,1500
2026-06-06  21:09:14,A1,Empty,1116,1500
2026-06-06  21:09:14,A2,Empty,1467,1800
2026-06-06  21:09:14,A3, Detected,7834,1500
2026-06-06  21:09:16,A1,Empty,1116,1500
2026-06-06  21:09:16,A2,Empty,1392,1800
2026-06-06  21:09:16,A3, Detected,8179,1500
2026-06-06  21:09:18,A1,Empty,1116,1500
2026-06-06  21:09:18,A2,Empty,1471,1800
2026-06-06  21:09:18,A3, Detected,7491,1500
2026-06-06  21:09:20,A1,Empty,1116,1500
2026-06-06  21:09:20,A2,Empty,1394,1800
2026-06-06  21:09:20,A3, Detected,7976,1500
2026-06-06  21:09:22,A1,Empty,1116,1500
2026-06-06  21:09:22,A2,Empty,1476,1800
2026-06-06  21:09:22,A3, Detected,8071,1500
2026-06-06  21:09:24,A1,Empty,1116,1500
2026-06-06  21:09:24,A2,Empty,1391,1800
2026-06-06  21:09:24,A3, Detected,7972,1500
2026-06-06  21:09:26,A1,Empty,1116,1500
2026-06-06  21:09:26,A2,Empty,1460,1800
2026-06-06  21:09:26,A3, Detected,7855,1500
2026-06-06  21:09:28,A1,Empty,1116,1500
2026-06-06  21:09:28,A2,Empty,1391,1800
2026-06-06  21:09:28,A3, Detected,8219,1500
2026-06-06  21:09:30,A1,Empty,1125,1500
2026-06-06  21:09:30,A2,Empty,1391,1800
2026-06-06  21:09:30,A3, Detected,8269,1500
2026-06-06  21:09:32,A1,Empty,1116,1500
2026-06-06  21:09:32,A2,Empty,1426,1800
2026-06-06  21:09:32,A3, Detected,8114,1500
2026-06-06  21:09:34,A1,Empty,1116,1500
2026-06-06  21:09:34,A2,Empty,1392,1800
2026-06-06  21:09:34,A3, Detected,7904,1500
2026-06-06  21:09:36,A1,Empty,1116,1500
2026-06-06  21:09:36,A2,Empty,1389,1800
2026-06-06  21:09:36,A3, Detected,8204,1500
2026-06-06  21:09:38,A1,Empty,1116,1500
2026-06-06  21:09:38,A2,Empty,1389,1800
2026-06-06  21:09:38,A3, Detected,7896,1500
2026-06-06  21:09:40,A1,Empty,1116,1500
2026-06-06  21:09:40,A2,Empty,1471,1800
2026-06-06  21:09:40,A3, Detected,8270,1500
2026-06-06  21:09:42,A1,Empty,1116,1500
2026-06-06  21:09:42,A2,Empty,1378,1800
2026-06-06  21:09:42,A3, Detected,8060,1500
2026-06-06  21:09:44,A1,Empty,1116,1500
2026-06-06  21:09:44,A2,Empty,1443,1800
2026-06-06  21:09:44,A3, Detected,8211,1500
2026-06-06  21:09:46,A1,Empty,1116,1500
2026-06-06  21:09:46,A2,Empty,1386,1800
2026-06-06  21:09:46,A3, Detected,8262,1500
2026-06-06  21:09:48,A1,Empty,1116,1500
2026-06-06  21:09:48,A2,Empty,1378,1800
2026-06-06  21:09:48,A3, Detected,8313,1500
2026-06-06  21:09:50,A1,Empty,1116,1500
2026-06-06  21:09:50,A2,Empty,1391,1800
2026-06-06  21:09:50,A3, Detected,8001,1500
2026-06-06  21:09:52,A1,Empty,1116,1500
2026-06-06  21:09:52,A2,Empty,1379,1800
2026-06-06  21:09:52,A3, Detected,7943,1500
2026-06-06  21:09:54,A1,Empty,1116,1500
2026-06-06  21:09:54,A2,Empty,1386,1800
2026-06-06  21:09:54,A3, Detected,8144,1500
2026-06-06  21:27:18,A1,Empty,1116,1500
2026-06-06  21:27:18,A2,Empty,1396,1800
2026-06-06  21:27:18,A3, Detected,7578,1500
2026-06-06  21:27:20,A1,Empty,1116,1500
2026-06-06  21:27:20,A2,Empty,1401,1800
2026-06-06  21:27:20,A3, Detected,8185,1500
2026-06-06  21:27:22,A1,Empty,1116,1500
2026-06-06  21:27:22,A2,Empty,1455,1800
2026-06-06  21:27:22,A3, Detected,8261,1500
2026-06-06  21:27:24,A1,Empty,1116,1500
2026-06-06  21:27:24,A2,Empty,1402,1800
2026-06-06  21:27:24,A3, Detected,8177,1500
2026-06-06  21:27:26,A1,Empty,1116,1500
2026-06-06  21:27:26,A2,Empty,1398,1800
2026-06-06  21:27:26,A3, Detected,8168,1500
2026-06-06  21:27:28,A1,Empty,1116,1500
2026-06-06  21:27:28,A2,Empty,1483,1800
2026-06-06  21:27:28,A3, Detected,8244,1500
2026-06-06  21:27:30,A1,Empty,1145,1500
2026-06-06  21:27:30,A2,Empty,1400,1800
2026-06-06  21:27:30,A3, Detected,8254,1500
2026-06-06  21:27:32,A1,Empty,1116,1500
2026-06-06  21:27:32,A2,Empty,1478,1800
2026-06-06  21:27:32,A3, Detected,8167,1500
2026-06-06  21:27:34,A1,Empty,1116,1500
2026-06-06  21:27:34,A2,Empty,1478,1800
2026-06-06  21:27:34,A3, Detected,8285,1500
2026-06-06  21:27:36,A1,Empty,1116,1500
2026-06-06  21:27:36,A2,Empty,1402,1800
2026-06-06  21:27:36,A3, Detected,7922,1500
2026-06-06  21:27:38,A1,Empty,1116,1500
2026-06-06  21:27:38,A2,Empty,1396,1800
2026-06-06  21:27:38,A3, Detected,7821,1500
2026-06-06  21:27:40,A1,Empty,1116,1500
2026-06-06  21:27:40,A2,Empty,1478,1800
2026-06-06  21:27:40,A3, Detected,8403,1500
2026-06-06  21:27:42,A1,Empty,1116,1500
2026-06-06  21:27:42,A2,Empty,1397,1800
2026-06-06  21:27:42,A3, Detected,8304,1500
2026-06-06  21:27:44,A1,Empty,1116,1500
2026-06-06  21:27:44,A2,Empty,1398,1800
2026-06-06  21:27:44,A3, Detected,8165,1500
2026-06-06  21:27:46,A1,Empty,1116,1500
2026-06-06  21:27:46,A2,Empty,1469,1800
2026-06-06  21:27:46,A3, Detected,8088,1500
2026-06-06  21:27:48,A1,Empty,1116,1500
2026-06-06  21:27:48,A2,Empty,1447,1800
2026-06-06  21:27:48,A3, Detected,8177,1500
2026-06-06  21:27:50,A1,Empty,1116,1500
2026-06-06  21:27:50,A2,Empty,1391,1800
2026-06-06  21:27:50,A3, Detected,8279,1500
2026-06-06  21:27:52,A1,Empty,1116,1500
2026-06-06  21:27:52,A2,Empty,1395,1800
2026-06-06  21:27:52,A3, Detected,8211,1500
2026-06-06  21:27:54,A1,Empty,1124,1500
2026-06-06  21:27:54,A2,Empty,1392,1800
2026-06-06  21:27:54,A3, Detected,8004,1500
2026-06-06  21:27:56,A1,Empty,1116,1500
2026-06-06  21:27:56,A2,Empty,1394,1800
2026-06-06  21:27:56,A3, Detected,8022,1500
2026-06-06  21:27:58,A1,Empty,1116,1500
2026-06-06  21:27:58,A2,Empty,1392,1800
2026-06-06  21:27:58,A3, Detected,8021,1500
2026-06-06  21:28:00,A1,Empty,1116,1500
2026-06-06  21:28:00,A2,Empty,1476,1800
2026-06-06  21:28:00,A3, Detected,8405,1500
2026-06-06  21:28:02,A1,Empty,1116,1500
2026-06-06  21:28:02,A2,Empty,1394,1800
2026-06-06  21:28:02,A3, Detected,8051,1500
2026-06-06  21:28:04,A1,Empty,1116,1500
2026-06-06  21:28:04,A2,Empty,1474,1800
2026-06-06  21:28:04,A3, Detected,8129,1500
2026-06-06  21:28:06,A1,Empty,1127,1500
2026-06-06  21:28:06,A2,Empty,1391,1800
2026-06-06  21:28:06,A3, Detected,8223,1500
2026-06-06  21:28:08,A1,Empty,1116,1500
2026-06-06  21:28:08,A2,Empty,1392,1800
2026-06-06  21:28:08,A3, Detected,8221,1500
2026-06-06  21:28:10,A1,Empty,1116,1500
2026-06-06  21:28:10,A2,Empty,1461,1800
2026-06-06  21:28:10,A3, Detected,8359,1500
2026-06-06  21:28:12,A1,Empty,1116,1500
2026-06-06  21:28:12,A2,Empty,1390,1800
2026-06-06  21:28:12,A3, Detected,8044,1500
2026-06-06  21:28:14,A1,Empty,1116,1500
2026-06-06  21:28:14,A2,Empty,1390,1800
2026-06-06  21:28:14,A3, Detected,7994,1500
2026-06-06  21:28:16,A1,Empty,1116,1500
2026-06-06  21:28:16,A2,Empty,1391,1800
2026-06-06  21:28:16,A3, Detected,7966,1500
2026-06-06  21:28:18,A1,Empty,1116,1500
2026-06-06  21:28:18,A2,Empty,1463,1800
2026-06-06  21:28:18,A3, Detected,8299,1500
2026-06-06  21:28:20,A1,Empty,1116,1500
2026-06-06  21:28:20,A2,Empty,1390,1800
2026-06-06  21:28:20,A3, Detected,8183,1500
2026-06-06  21:28:22,A1,Empty,1116,1500
2026-06-06  21:28:22,A2,Empty,1443,1800
2026-06-06  21:28:22,A3, Detected,8159,1500
2026-06-06  21:28:24,A1,Empty,1116,1500
2026-06-06  21:28:24,A2,Empty,1387,1800
2026-06-06  21:28:24,A3, Detected,8003,1500
2026-06-06  21:35:36,A1,Empty,1116,1500
2026-06-06  21:35:36,A2,Empty,1400,1800
2026-06-06  21:35:36,A3, Detected,8298,1500
2026-06-06  21:35:38,A1,Empty,1116,1500
2026-06-06  21:35:38,A2,Empty,1401,1800
2026-06-06  21:35:38,A3, Detected,8357,1500
2026-06-06  21:35:40,A1,Empty,1124,1500
2026-06-06  21:35:40,A2,Empty,1402,1800
2026-06-06  21:35:40,A3, Detected,8117,1500
2026-06-06  21:35:42,A1,Empty,1116,1500
2026-06-06  21:35:42,A2,Empty,1441,1800
2026-06-06  21:35:42,A3, Detected,8293,1500
2026-06-06  21:35:44,A1,Empty,1116,1500
2026-06-06  21:35:44,A2,Empty,1400,1800
2026-06-06  21:35:44,A3, Detected,8478,1500
2026-06-06  21:35:46,A1,Empty,1116,1500
2026-06-06  21:35:46,A2,Empty,1398,1800
2026-06-06  21:35:46,A3, Detected,7999,1500
2026-06-06  21:35:48,A1,Empty,1116,1500
2026-06-06  21:35:48,A2,Empty,1469,1800
2026-06-06  21:35:48,A3, Detected,8343,1500
2026-06-06  21:35:50,A1,Empty,1116,1500
2026-06-06  21:35:50,A2,Empty,1398,1800
2026-06-06  21:35:50,A3, Detected,8368,1500
2026-06-06  22:28:47,A1,Empty,1116,1500
2026-06-06  22:28:47,A2,Empty,1475,1800
2026-06-06  22:28:47,A3, Detected,8284,1500
2026-06-06  22:28:49,A1,Empty,1116,1500
2026-06-06  22:28:49,A2,Empty,1479,1800
2026-06-06  22:28:49,A3, Detected,8326,1500
2026-06-06  22:28:51,A1,Empty,1116,1500
2026-06-06  22:28:51,A2,Empty,1398,1800
2026-06-06  22:28:51,A3, Detected,8068,1500
2026-06-06  22:28:53,A1,Empty,1116,1500
2026-06-06  22:28:53,A2,Empty,1394,1800
2026-06-06  22:28:53,A3, Detected,8261,1500
2026-06-06  22:28:55,A1,Empty,1116,1500
2026-06-06  22:28:55,A2,Empty,1393,1800
2026-06-06  22:28:55,A3, Detected,8258,1500
2026-06-06  22:28:57,A1,Empty,1116,1500
2026-06-06  22:28:57,A2,Empty,1391,1800
2026-06-06  22:28:57,A3, Detected,8207,1500
2026-06-06  22:33:36,A1,Empty,1116,1500
2026-06-06  22:33:36,A2,Empty,1449,1800
2026-06-06  22:33:36,A3, Detected,8267,1500
2026-06-06  22:33:38,A1,Empty,1116,1500
2026-06-06  22:33:38,A2,Empty,1480,1800
2026-06-06  22:33:38,A3, Detected,8385,1500
2026-06-06  22:33:40,A1,Empty,1124,1500
2026-06-06  22:33:40,A2,Empty,1473,1800
2026-06-06  22:33:40,A3, Detected,8056,1500
2026-06-06  22:33:42,A1,Empty,1116,1500
2026-06-06  22:33:42,A2,Empty,1394,1800
2026-06-06  22:33:42,A3, Detected,8368,1500
2026-06-06  22:33:44,A1,Empty,1116,1500
2026-06-06  22:33:44,A2,Empty,1396,1800
2026-06-06  22:33:44,A3, Detected,8257,1500
2026-06-06  22:33:46,A1,Empty,1133,1500
2026-06-06  22:33:46,A2,Empty,1400,1800
2026-06-06  22:33:46,A3, Detected,8203,1500
2026-06-06  22:33:48,A1,Empty,1116,1500
2026-06-06  22:33:48,A2,Empty,1483,1800
2026-06-06  22:33:48,A3, Detected,7919,1500
2026-06-06  22:33:50,A1,Empty,1116,1500
2026-06-06  22:33:50,A2,Empty,1478,1800
2026-06-06  22:33:50,A3, Detected,7779,1500
2026-06-06  22:33:52,A1,Empty,1116,1500
2026-06-06  22:33:52,A2,Empty,1466,1800
2026-06-06  22:33:52,A3, Detected,7945,1500
2026-06-06  22:33:54,A1,Empty,1124,1500
2026-06-06  22:33:54,A2,Empty,1391,1800
2026-06-06  22:33:54,A3, Detected,8113,1500
2026-06-06  22:33:56,A1,Empty,1116,1500
2026-06-06  22:33:56,A2,Empty,1473,1800
2026-06-06  22:33:56,A3, Detected,7742,1500
2026-06-06  22:33:58,A1, Detected,2058,1500
2026-06-06  22:33:58,A2,Empty,1360,1800
2026-06-06  22:33:58,A3, Detected,3570,1500
2026-06-06  22:34:00,A1,Empty,1116,1500
2026-06-06  22:34:00,A2,Empty,1256,1800
2026-06-06  22:34:00,A3, Detected,1886,1500
2026-06-06  22:34:02,A1,Empty,1116,1500
2026-06-06  22:34:02,A2,Empty,1256,1800
2026-06-06  22:34:02,A3, Detected,1886,1500
2026-06-06  22:34:04,A1,Empty,1219,1500
2026-06-06  22:34:04,A2,Empty,1660,1800
2026-06-06  22:34:04,A3, Detected,2278,1500
2026-06-06  22:34:06,A1,Empty,0,1500
2026-06-06  22:34:06,A2,Empty,1104,1800
2026-06-06  22:34:06,A3,Empty,1108,1500
2026-06-06  22:34:08,A1, Detected,1507,1500
2026-06-06  22:34:08,A2,Empty,1043,1800
2026-06-06  22:34:08,A3, Detected,5473,1500
2026-06-06  22:34:10,A1, Detected,3248,1500
2026-06-06  22:34:10,A2,Empty,1256,1800
2026-06-06  22:34:10,A3, Detected,4767,1500
2026-06-06  22:34:12,A1, Detected,3026,1500
2026-06-06  22:34:12,A2, Detected,4006,1800
2026-06-06  22:34:12,A3, Detected,5467,1500
2026-06-06  22:34:14,A1, Detected,1763,1500
2026-06-06  22:34:14,A2,Empty,1645,1800
2026-06-06  22:34:14,A3, Detected,10664,1500
2026-06-06  22:34:16,A1, Detected,1684,1500
2026-06-06  22:34:16,A2,Empty,1541,1800
2026-06-06  22:34:16,A3, Detected,7260,1500
2026-06-06  22:34:18,A1, Detected,1690,1500
2026-06-06  22:34:18,A2,Empty,1601,1800
2026-06-06  22:34:18,A3, Detected,8499,1500
2026-06-06  22:34:20,A1, Detected,1729,1500
2026-06-06  22:34:20,A2,Empty,1534,1800
2026-06-06  22:34:20,A3, Detected,9231,1500
2026-06-06  22:34:22,A1, Detected,1776,1500
2026-06-06  22:34:22,A2,Empty,1630,1800
2026-06-06  22:34:22,A3, Detected,9143,1500
2026-06-06  22:34:24,A1, Detected,1765,1500
2026-06-06  22:34:24,A2,Empty,1668,1800
2026-06-06  22:34:24,A3, Detected,11130,1500
2026-06-06  22:34:26,A1, Detected,1913,1500
2026-06-06  22:34:26,A2,Empty,1666,1800
2026-06-06  22:34:26,A3, Detected,10390,1500
2026-06-06  22:34:28,A1,Empty,1475,1500
2026-06-06  22:34:28,A2,Empty,1520,1800
2026-06-06  22:34:28,A3, Detected,10659,1500
2026-06-06  22:34:30,A1, Detected,1715,1500
2026-06-06  22:34:30,A2,Empty,1517,1800
2026-06-06  22:34:30,A3, Detected,10828,1500
2026-06-06  22:34:32,A1,Empty,1162,1500
2026-06-06  22:34:32,A2,Empty,1789,1800
2026-06-06  22:34:32,A3, Detected,9255,1500
2026-06-06  22:34:34,A1, Detected,1575,1500
2026-06-06  22:34:34,A2,Empty,1375,1800
2026-06-06  22:34:34,A3, Detected,7981,1500
2026-06-06  22:34:36,A1, Detected,1918,1500
2026-06-06  22:34:36,A2,Empty,1695,1800
2026-06-06  22:34:36,A3, Detected,10214,1500
2026-06-06  22:34:38,A1, Detected,2087,1500
2026-06-06  22:34:38,A2,Empty,1693,1800
2026-06-06  22:34:38,A3, Detected,11491,1500
2026-06-06  22:34:40,A1, Detected,1566,1500
2026-06-06  22:34:40,A2,Empty,1256,1800
2026-06-06  22:34:40,A3, Detected,3044,1500
2026-06-06  22:34:42,A1,Empty,0,1500
2026-06-06  22:34:42,A2,Empty,475,1800
2026-06-06  22:34:42,A3,Empty,0,1500
2026-06-06  22:34:44,A1,Empty,1297,1500
2026-06-06  22:34:44,A2,Empty,1443,1800
2026-06-06  22:34:44,A3, Detected,2604,1500
2026-06-06  22:34:46,A1,Empty,961,1500
2026-06-06  22:34:46,A2, Detected,1889,1800
2026-06-06  22:34:46,A3, Detected,1890,1500
2026-06-06  22:34:48,A1,Empty,717,1500
2026-06-06  22:34:48,A2,Empty,442,1800
2026-06-06  22:34:48,A3,Empty,1240,1500
2026-06-06  22:34:50,A1, Detected,2324,1500
2026-06-06  22:34:50,A2,Empty,1746,1800
2026-06-06  22:34:50,A3, Detected,5022,1500
2026-06-06  22:34:52,A1, Detected,2322,1500
2026-06-06  22:34:52,A2,Empty,1443,1800
2026-06-06  22:34:52,A3, Detected,5768,1500
2026-06-06  22:34:54,A1, Detected,2249,1500
2026-06-06  22:34:54,A2,Empty,1351,1800
2026-06-06  22:34:54,A3, Detected,6097,1500
2026-06-06  22:47:57,A1,Empty,1227,1500
2026-06-06  22:47:57,A2, Detected,1816,1800
2026-06-06  22:47:57,A3, Detected,2305,1500
2026-06-06  22:47:59,A1,Empty,1222,1500
2026-06-06  22:47:59,A2,Empty,1784,1800
2026-06-06  22:47:59,A3, Detected,2860,1500
2026-06-06  22:48:01,A1,Empty,1222,1500
2026-06-06  22:48:01,A2, Detected,1898,1800
2026-06-06  22:48:01,A3, Detected,2201,1500
2026-06-06  22:48:03,A1,Empty,1216,1500
2026-06-06  22:48:03,A2,Empty,1744,1800
2026-06-06  22:48:03,A3, Detected,2463,1500
2026-06-06  22:48:05,A1,Empty,1219,1500
2026-06-06  22:48:05,A2,Empty,1374,1800
2026-06-06  22:48:05,A3, Detected,2981,1500
2026-06-06  22:48:07,A1,Empty,1220,1500
2026-06-06  22:48:07,A2,Empty,1430,1800
2026-06-06  22:48:07,A3, Detected,2177,1500
2026-06-06  22:48:09,A1,Empty,1222,1500
2026-06-06  22:48:09,A2,Empty,1787,1800
2026-06-06  22:48:09,A3, Detected,2156,1500
2026-06-06  22:48:11,A1,Empty,1215,1500
2026-06-06  22:48:11,A2,Empty,1744,1800
2026-06-06  22:48:11,A3, Detected,2298,1500
2026-06-06  22:48:13,A1,Empty,1225,1500
2026-06-06  22:48:13,A2, Detected,1907,1800
2026-06-06  22:48:13,A3, Detected,2121,1500
2026-06-06  22:48:15,A1,Empty,1224,1500
2026-06-06  22:48:15,A2, Detected,1827,1800
2026-06-06  22:48:15,A3, Detected,2191,1500
2026-06-06  22:48:17,A1,Empty,1217,1500
2026-06-06  22:48:17,A2, Detected,1855,1800
2026-06-06  22:48:17,A3, Detected,2127,1500
2026-06-06  22:48:19,A1,Empty,1217,1500
2026-06-06  22:48:19,A2, Detected,1866,1800
2026-06-06  22:48:19,A3, Detected,1962,1500
2026-06-06  22:48:21,A1,Empty,1216,1500
2026-06-06  22:48:21,A2, Detected,1860,1800
2026-06-06  22:48:21,A3, Detected,2369,1500
2026-06-06  22:48:23,A1,Empty,1220,1500
2026-06-06  22:48:23,A2,Empty,1757,1800
2026-06-06  22:48:23,A3, Detected,2171,1500
2026-06-06  22:48:25,A1,Empty,1220,1500
2026-06-06  22:48:25,A2, Detected,1856,1800
2026-06-06  22:48:25,A3, Detected,2096,1500
2026-06-06  22:48:27,A1,Empty,1218,1500
2026-06-06  22:48:27,A2, Detected,1820,1800
2026-06-06  22:48:27,A3, Detected,3012,1500
2026-06-06  22:48:29,A1,Empty,1221,1500
2026-06-06  22:48:29,A2, Detected,1899,1800
2026-06-06  22:48:29,A3, Detected,2134,1500
2026-06-06  22:48:31,A1,Empty,1208,1500
2026-06-06  22:48:31,A2, Detected,1896,1800
2026-06-06  22:48:31,A3, Detected,2130,1500
2026-06-06  22:48:33,A1,Empty,1212,1500
2026-06-06  22:48:33,A2,Empty,1793,1800
2026-06-06  22:48:33,A3, Detected,2215,1500
2026-06-06  22:48:35,A1,Empty,1218,1500
2026-06-06  22:48:35,A2,Empty,1742,1800
2026-06-06  22:48:35,A3, Detected,2246,1500
2026-06-06  22:50:17,A1, Detected,5126,4500
2026-06-06  22:50:17,A2,Empty,4236,5400
2026-06-06  22:50:17,A3, Detected,19482,4500
2026-06-06  22:50:19,A1, Detected,5169,4500
2026-06-06  22:50:19,A2,Empty,4163,5400
2026-06-06  22:50:19,A3, Detected,19487,4500
2026-06-06  22:50:21,A1, Detected,5046,4500
2026-06-06  22:50:21,A2,Empty,4088,5400
2026-06-06  22:50:21,A3, Detected,19594,4500
2026-06-06  22:50:23,A1, Detected,5244,4500
2026-06-06  22:50:23,A2,Empty,3932,5400
2026-06-06  22:50:23,A3, Detected,19230,4500
2026-06-06  22:50:25,A1,Empty,4119,4500
2026-06-06  22:50:25,A2,Empty,4085,5400
2026-06-06  22:50:25,A3, Detected,7062,4500
2026-06-06  22:50:27,A1,Empty,0,4500
2026-06-06  22:50:27,A2,Empty,2303,5400
2026-06-06  22:50:27,A3, Detected,5056,4500
2026-06-06  22:50:29,A1,Empty,0,4500
2026-06-06  22:50:29,A2,Empty,1914,5400
2026-06-06  22:50:29,A3, Detected,4966,4500
2026-06-06  22:50:31,A1,Empty,0,4500
2026-06-06  22:50:31,A2,Empty,2060,5400
2026-06-06  22:50:31,A3, Detected,5062,4500
2026-06-06  22:50:33,A1,Empty,909,4500
2026-06-06  22:50:33,A2,Empty,1982,5400
2026-06-06  22:50:33,A3,Empty,4477,4500
2026-06-06  22:50:35,A1,Empty,0,4500
2026-06-06  22:50:35,A2,Empty,2573,5400
2026-06-06  22:50:35,A3,Empty,4032,4500
2026-06-06  22:50:37,A1,Empty,0,4500
2026-06-06  22:50:37,A2,Empty,2450,5400
2026-06-06  22:50:37,A3,Empty,4258,4500
2026-06-06  22:50:39,A1,Empty,0,4500
2026-06-06  22:50:39,A2,Empty,1482,5400
2026-06-06  22:50:39,A3,Empty,3460,4500
2026-06-06  22:50:41,A1,Empty,0,4500
2026-06-06  22:50:41,A2,Empty,0,5400
2026-06-06  22:50:41,A3,Empty,3052,4500
2026-06-06  22:50:43,A1,Empty,0,4500
2026-06-06  22:50:43,A2,Empty,3480,5400
2026-06-06  22:50:43,A3, Detected,4516,4500
2026-06-06  22:50:45,A1,Empty,0,4500
2026-06-06  22:50:45,A2,Empty,3480,5400
2026-06-06  22:50:45,A3,Empty,4212,4500
2026-06-06  22:50:47,A1,Empty,0,4500
2026-06-06  22:50:47,A2,Empty,1526,5400
2026-06-06  22:50:47,A3,Empty,3784,4500
2026-06-06  22:50:49,A1,Empty,0,4500
2026-06-06  22:50:49,A2,Empty,0,5400
2026-06-06  22:50:49,A3,Empty,0,4500
2026-06-06  22:50:51,A1,Empty,0,4500
2026-06-06  22:50:51,A2,Empty,0,5400
2026-06-06  22:50:51,A3,Empty,0,4500
2026-06-06  22:50:53,A1,Empty,0,4500
2026-06-06  22:50:53,A2,Empty,0,5400
2026-06-06  22:50:53,A3,Empty,88,4500
2026-06-06  22:50:55,A1,Empty,0,4500
2026-06-06  22:50:55,A2,Empty,0,5400
2026-06-06  22:50:55,A3,Empty,0,4500
2026-06-06  22:50:57,A1,Empty,2919,4500
2026-06-06  22:50:57,A2,Empty,2803,5400
2026-06-06  22:50:57,A3,Empty,3534,4500
2026-06-06  22:50:59,A1, Detected,8826,4500
2026-06-06  22:50:59,A2,Empty,4544,5400
2026-06-06  22:50:59,A3, Detected,38067,4500
2026-06-06  22:51:01,A1, Detected,7842,4500
2026-06-06  22:51:01,A2, Detected,5521,5400
2026-06-06  22:51:01,A3, Detected,43669,4500
2026-06-06  22:51:03,A1,Empty,2795,4500
2026-06-06  22:51:03,A2,Empty,3704,5400
2026-06-06  22:51:03,A3, Detected,8102,4500
2026-06-06  22:51:05,A1, Detected,7631,4500
2026-06-06  22:51:05,A2,Empty,4185,5400
2026-06-06  22:51:05,A3, Detected,36889,4500
2026-06-06  22:51:07,A1, Detected,6049,4500
2026-06-06  22:51:07,A2,Empty,4447,5400
2026-06-06  22:51:07,A3, Detected,29680,4500
2026-06-06  22:51:09,A1,Empty,3488,4500
2026-06-06  22:51:09,A2,Empty,4758,5400
2026-06-06  22:51:09,A3, Detected,26227,4500
2026-06-06  22:51:11,A1, Detected,12528,4500
2026-06-06  22:51:11,A2, Detected,5779,5400
2026-06-06  22:51:11,A3, Detected,40896,4500
2026-06-06  22:51:13,A1,Empty,2716,4500
2026-06-06  22:51:13,A2,Empty,4104,5400
2026-06-06  22:51:13,A3, Detected,8080,4500
2026-06-06  22:51:15,A1,Empty,3881,4500
2026-06-06  22:51:15,A2,Empty,3569,5400
2026-06-06  22:51:15,A3, Detected,10738,4500
2026-06-06  22:51:17,A1,Empty,4255,4500
2026-06-06  22:51:17,A2,Empty,4354,5400
2026-06-06  22:51:17,A3, Detected,29661,4500
2026-06-06  22:51:19,A1,Empty,3872,4500
2026-06-06  22:51:19,A2,Empty,3750,5400
2026-06-06  22:51:19,A3, Detected,26381,4500
2026-06-06  22:51:21,A1, Detected,4866,4500
2026-06-06  22:51:21,A2,Empty,4209,5400
2026-06-06  22:51:21,A3, Detected,31157,4500
2026-06-06  22:51:23,A1,Empty,4452,4500
2026-06-06  22:51:23,A2,Empty,4190,5400
2026-06-06  22:51:23,A3, Detected,30177,4500
2026-06-06  22:51:25,A1,Empty,4028,4500
2026-06-06  22:51:25,A2,Empty,4354,5400
2026-06-06  22:51:25,A3, Detected,27735,4500
2026-06-06  22:51:27,A1, Detected,4724,4500
2026-06-06  22:51:27,A2,Empty,4271,5400
2026-06-06  22:51:27,A3, Detected,30664,4500
2026-06-06  22:51:29,A1,Empty,3858,4500
2026-06-06  22:51:29,A2,Empty,3357,5400
2026-06-06  22:51:29,A3, Detected,18788,4500
2026-06-06  22:51:31,A1, Detected,4625,4500
2026-06-06  22:51:31,A2,Empty,4261,5400
2026-06-06  22:51:31,A3, Detected,28309,4500
2026-06-06  22:51:33,A1, Detected,5160,4500
2026-06-06  22:51:33,A2,Empty,4180,5400
2026-06-06  22:51:33,A3, Detected,29553,4500
2026-06-06  22:51:35,A1,Empty,2850,4500
2026-06-06  22:51:35,A2,Empty,3553,5400
2026-06-06  22:51:35,A3, Detected,5146,4500
2026-06-06  22:51:37,A1,Empty,4434,4500
2026-06-06  22:51:37,A2, Detected,8457,5400
2026-06-06  22:51:37,A3, Detected,18596,4500
2026-06-06  22:51:39,A1, Detected,4949,4500
2026-06-06  22:51:39,A2, Detected,6948,5400
2026-06-06  22:51:39,A3, Detected,14837,4500
2026-06-06  22:51:41,A1,Empty,3490,4500
2026-06-06  22:51:41,A2, Detected,6193,5400
2026-06-06  22:51:41,A3, Detected,22247,4500
2026-06-06  22:51:43,A1,Empty,4044,4500
2026-06-06  22:51:43,A2,Empty,3571,5400
2026-06-06  22:51:43,A3, Detected,24378,4500
2026-06-06  22:51:45,A1, Detected,5601,4500
2026-06-06  22:51:45,A2,Empty,3732,5400
2026-06-06  22:51:45,A3, Detected,28979,4500
2026-06-06  22:51:47,A1, Detected,5387,4500
2026-06-06  22:51:47,A2,Empty,4058,5400
2026-06-06  22:51:47,A3, Detected,28892,4500
2026-06-06  22:51:49,A1, Detected,5263,4500
2026-06-06  22:51:49,A2,Empty,4387,5400
2026-06-06  22:51:49,A3, Detected,27681,4500
2026-06-06  22:51:51,A1,Empty,4443,4500
2026-06-06  22:51:51,A2,Empty,4209,5400
2026-06-06  22:51:51,A3, Detected,25071,4500
2026-06-06  22:51:53,A1, Detected,4565,4500
2026-06-06  22:51:53,A2,Empty,4177,5400
2026-06-06  22:51:53,A3, Detected,28898,4500
2026-06-06  22:51:55,A1, Detected,4689,4500
2026-06-06  22:51:55,A2,Empty,4692,5400
2026-06-06  22:51:55,A3, Detected,28977,4500
2026-06-06  22:51:57,A1, Detected,4938,4500
2026-06-06  22:51:57,A2,Empty,4272,5400
2026-06-06  22:51:57,A3, Detected,29590,4500
2026-06-06  22:51:59,A1, Detected,5200,4500
2026-06-06  22:51:59,A2,Empty,4068,5400
2026-06-06  22:51:59,A3, Detected,28353,4500
2026-06-06  22:52:01,A1, Detected,4973,4500
2026-06-06  22:52:01,A2,Empty,3930,5400
2026-06-06  22:52:01,A3, Detected,28218,4500
2026-06-06  22:52:03,A1, Detected,5687,4500
2026-06-06  22:52:03,A2,Empty,3483,5400
2026-06-06  22:52:03,A3, Detected,30431,4500
2026-06-06  22:52:05,A1, Detected,5822,4500
2026-06-06  22:52:05,A2,Empty,2180,5400
2026-06-06  22:52:05,A3, Detected,24135,4500
2026-06-06  22:52:07,A1, Detected,6008,4500
2026-06-06  22:52:07,A2,Empty,1909,5400
2026-06-06  22:52:07,A3, Detected,8926,4500
2026-06-06  22:52:09,A1, Detected,6024,4500
2026-06-06  22:52:09,A2,Empty,3953,5400
2026-06-06  22:52:09,A3, Detected,28223,4500
2026-06-06  22:52:11,A1, Detected,4898,4500
2026-06-06  22:52:11,A2,Empty,2323,5400
2026-06-06  22:52:11,A3, Detected,18949,4500
2026-06-06  22:52:13,A1, Detected,5752,4500
2026-06-06  22:52:13,A2,Empty,3729,5400
2026-06-06  22:52:13,A3, Detected,28901,4500
2026-06-06  22:52:15,A1, Detected,5245,4500
2026-06-06  22:52:15,A2,Empty,2512,5400
2026-06-06  22:52:15,A3, Detected,20397,4500
2026-06-06  22:52:17,A1, Detected,5937,4500
2026-06-06  22:52:17,A2,Empty,1999,5400
2026-06-06  22:52:17,A3, Detected,22012,4500
2026-06-06  22:52:19,A1, Detected,6361,4500
2026-06-06  22:52:19,A2,Empty,2000,5400
2026-06-06  22:52:19,A3, Detected,15020,4500
2026-06-06  22:52:21,A1, Detected,5737,4500
2026-06-06  22:52:21,A2,Empty,1642,5400
2026-06-06  22:52:21,A3, Detected,22041,4500
2026-06-06  22:52:24,A1, Detected,4698,4500
2026-06-06  22:52:24,A2,Empty,3528,5400
2026-06-06  22:52:24,A3, Detected,19603,4500
2026-06-06  22:52:26,A1,Empty,4302,4500
2026-06-06  22:52:26,A2,Empty,2832,5400
2026-06-06  22:52:26,A3, Detected,18991,4500
2026-06-06  22:52:28,A1, Detected,4919,4500
2026-06-06  22:52:28,A2,Empty,3280,5400
2026-06-06  22:52:28,A3, Detected,22637,4500
2026-06-06  22:52:30,A1, Detected,4745,4500
2026-06-06  22:52:30,A2,Empty,3335,5400
2026-06-06  22:52:30,A3, Detected,21822,4500
2026-06-06  22:52:32,A1, Detected,4650,4500
2026-06-06  22:52:32,A2,Empty,3243,5400
2026-06-06  22:52:32,A3, Detected,21000,4500
2026-06-06  22:52:34,A1, Detected,4702,4500
2026-06-06  22:52:34,A2,Empty,3155,5400
2026-06-06  22:52:34,A3, Detected,21237,4500
2026-06-06  22:52:36,A1, Detected,4780,4500
2026-06-06  22:52:36,A2,Empty,3098,5400
2026-06-06  22:52:36,A3, Detected,21518,4500
2026-06-06  22:52:38,A1, Detected,4585,4500
2026-06-06  22:52:38,A2,Empty,2938,5400
2026-06-06  22:52:38,A3, Detected,20184,4500
2026-06-06  22:52:40,A1,Empty,2810,4500
2026-06-06  22:52:40,A2,Empty,3480,5400
2026-06-06  22:52:40,A3, Detected,4860,4500
2026-06-06  22:52:42,A1,Empty,3371,4500
2026-06-06  22:52:42,A2,Empty,3066,5400
2026-06-06  22:52:42,A3,Empty,4449,4500
2026-06-06  22:52:44,A1, Detected,4595,4500
2026-06-06  22:52:44,A2,Empty,3232,5400
2026-06-06  22:52:44,A3, Detected,15666,4500
2026-06-06  22:52:46,A1,Empty,4449,4500
2026-06-06  22:52:46,A2,Empty,3271,5400
2026-06-06  22:52:46,A3, Detected,20574,4500
2026-06-06  22:52:48,A1,Empty,2854,4500
2026-06-06  22:52:48,A2,Empty,3225,5400
2026-06-06  22:52:48,A3, Detected,13064,4500
2026-06-06  22:52:50,A1, Detected,5827,4500
2026-06-06  22:52:50,A2,Empty,2251,5400
2026-06-06  22:52:50,A3, Detected,23650,4500
2026-06-06  22:52:52,A1,Empty,3537,4500
2026-06-06  22:52:52,A2,Empty,2790,5400
2026-06-06  22:52:52,A3, Detected,17479,4500
2026-06-06  22:52:54,A1, Detected,5704,4500
2026-06-06  22:52:54,A2,Empty,3190,5400
2026-06-06  22:52:54,A3, Detected,22253,4500
2026-06-06  22:52:56,A1,Empty,4013,4500
2026-06-06  22:52:56,A2,Empty,2273,5400
2026-06-06  22:52:56,A3, Detected,18954,4500
2026-06-06  22:52:58,A1,Empty,3776,4500
2026-06-06  22:52:58,A2,Empty,3459,5400
2026-06-06  22:52:58,A3, Detected,18631,4500
2026-06-06  22:53:00,A1,Empty,1245,4500
2026-06-06  22:53:00,A2,Empty,2205,5400
2026-06-06  22:53:00,A3,Empty,3563,4500
2026-06-06  22:53:02,A1, Detected,4735,4500
2026-06-06  22:53:02,A2,Empty,3074,5400
2026-06-06  22:53:02,A3, Detected,16033,4500
2026-06-06  22:53:04,A1,Empty,2513,4500
2026-06-06  22:53:04,A2,Empty,3510,5400
2026-06-06  22:53:04,A3, Detected,15923,4500
2026-06-06  22:53:06,A1, Detected,5902,4500
2026-06-06  22:53:06,A2,Empty,3413,5400
2026-06-06  22:53:06,A3, Detected,25906,4500
2026-06-06  22:53:08,A1,Empty,1219,4500
2026-06-06  22:53:08,A2,Empty,3378,5400
2026-06-06  22:53:08,A3, Detected,8664,4500
2026-06-06  22:53:10,A1,Empty,2151,4500
2026-06-06  22:53:10,A2,Empty,4317,5400
2026-06-06  22:53:10,A3, Detected,6833,4500
2026-06-06  22:53:12,A1,Empty,4319,4500
2026-06-06  22:53:12,A2,Empty,3713,5400
2026-06-06  22:53:12,A3, Detected,16423,4500
2026-06-06  22:53:14,A1,Empty,2178,4500
2026-06-06  22:53:14,A2,Empty,2743,5400
2026-06-06  22:53:14,A3, Detected,4629,4500
2026-06-06  22:53:16,A1,Empty,0,4500
2026-06-06  22:53:16,A2,Empty,0,5400
2026-06-06  22:53:16,A3,Empty,4471,4500
2026-06-06  22:53:18,A1,Empty,3538,4500
2026-06-06  22:53:18,A2,Empty,3345,5400
2026-06-06  22:53:18,A3, Detected,5374,4500
2026-06-06  22:53:20,A1,Empty,2467,4500
2026-06-06  22:53:20,A2,Empty,3480,5400
2026-06-06  22:53:20,A3,Empty,3045,4500
2026-06-06  22:53:22,A1,Empty,2652,4500
2026-06-06  22:53:22,A2,Empty,3173,5400
2026-06-06  22:53:22,A3, Detected,11959,4500
2026-06-06  22:53:24,A1,Empty,2520,4500
2026-06-06  22:53:24,A2,Empty,4147,5400
2026-06-06  22:53:24,A3, Detected,16955,4500
2026-06-06  22:53:26,A1,Empty,1525,4500
2026-06-06  22:53:26,A2,Empty,2244,5400
2026-06-06  22:53:26,A3, Detected,5724,4500
2026-06-06  22:53:28,A1,Empty,3880,4500
2026-06-06  22:53:28,A2,Empty,3279,5400
2026-06-06  22:53:28,A3, Detected,13532,4500
2026-06-06  22:53:30,A1, Detected,5953,4500
2026-06-06  22:53:30,A2,Empty,3346,5400
2026-06-06  22:53:30,A3, Detected,19800,4500
2026-06-06  22:53:32,A1, Detected,4517,4500
2026-06-06  22:53:32,A2,Empty,4831,5400
2026-06-06  22:53:32,A3, Detected,15282,4500
2026-06-06  22:53:34,A1, Detected,7234,4500
2026-06-06  22:53:34,A2,Empty,3365,5400
2026-06-06  22:53:34,A3, Detected,29371,4500
2026-06-06  22:53:36,A1, Detected,5237,4500
2026-06-06  22:53:36,A2,Empty,3968,5400
2026-06-06  22:53:36,A3, Detected,18960,4500
2026-06-06  22:53:38,A1, Detected,6452,4500
2026-06-06  22:53:38,A2,Empty,3540,5400
2026-06-06  22:53:38,A3, Detected,22667,4500
2026-06-06  22:53:40,A1, Detected,5897,4500
2026-06-06  22:53:40,A2,Empty,3419,5400
2026-06-06  22:53:40,A3, Detected,19486,4500
2026-06-06  22:53:42,A1, Detected,6280,4500
2026-06-06  22:53:42,A2,Empty,3641,5400
2026-06-06  22:53:42,A3, Detected,22812,4500
2026-06-06  22:53:44,A1, Detected,6057,4500
2026-06-06  22:53:44,A2,Empty,3500,5400
2026-06-06  22:53:44,A3, Detected,23293,4500
2026-06-06  22:53:46,A1, Detected,6654,4500
2026-06-06  22:53:46,A2,Empty,3656,5400
2026-06-06  22:53:46,A3, Detected,24420,4500
2026-06-06  22:53:48,A1, Detected,6614,4500
2026-06-06  22:53:48,A2,Empty,3545,5400
2026-06-06  22:53:48,A3, Detected,23677,4500
2026-06-06  22:53:50,A1, Detected,6676,4500
2026-06-06  22:53:50,A2,Empty,3510,5400
2026-06-06  22:53:50,A3, Detected,24611,4500
2026-06-06  22:53:52,A1,Empty,2745,4500
2026-06-06  22:53:52,A2,Empty,2501,5400
2026-06-06  22:53:52,A3, Detected,9024,4500
2026-06-06  22:53:54,A1,Empty,3490,4500
2026-06-06  22:53:54,A2,Empty,3338,5400
2026-06-06  22:53:54,A3, Detected,12040,4500
2026-06-06  22:53:56,A1,Empty,3068,4500
2026-06-06  22:53:56,A2,Empty,3695,5400
2026-06-06  22:53:56,A3, Detected,13039,4500
2026-06-06  22:53:58,A1,Empty,3861,4500
2026-06-06  22:53:58,A2,Empty,3392,5400
2026-06-06  22:53:58,A3, Detected,11020,4500
2026-06-06  22:54:00,A1,Empty,2729,4500
2026-06-06  22:54:00,A2,Empty,4328,5400
2026-06-06  22:54:00,A3, Detected,15075,4500
2026-06-06  22:54:02,A1,Empty,3276,4500
2026-06-06  22:54:02,A2,Empty,3321,5400
2026-06-06  22:54:02,A3, Detected,15120,4500
2026-06-06  22:54:04,A1, Detected,5320,4500
2026-06-06  22:54:04,A2,Empty,3889,5400
2026-06-06  22:54:04,A3, Detected,19126,4500
2026-06-06  22:54:06,A1, Detected,8990,4500
2026-06-06  22:54:06,A2,Empty,5097,5400
2026-06-06  22:54:06,A3, Detected,22301,4500
2026-06-06  22:54:08,A1, Detected,5683,4500
2026-06-06  22:54:08,A2,Empty,3313,5400
2026-06-06  22:54:08,A3, Detected,13138,4500
2026-06-06  22:54:10,A1, Detected,7835,4500
2026-06-06  22:54:10,A2,Empty,3821,5400
2026-06-06  22:54:10,A3, Detected,23984,4500
2026-06-06  22:54:12,A1, Detected,8330,4500
2026-06-06  22:54:12,A2,Empty,3696,5400
2026-06-06  22:54:12,A3, Detected,24819,4500
2026-06-06  22:54:14,A1, Detected,5864,4500
2026-06-06  22:54:14,A2,Empty,3590,5400
2026-06-06  22:54:14,A3, Detected,14802,4500
2026-06-06  22:54:16,A1,Empty,1797,4500
2026-06-06  22:54:16,A2,Empty,2699,5400
2026-06-06  22:54:16,A3,Empty,3322,4500
2026-06-06  22:54:18,A1,Empty,2537,4500
2026-06-06  22:54:18,A2,Empty,4336,5400
2026-06-06  22:54:18,A3, Detected,5181,4500
2026-06-06  22:54:20,A1,Empty,2180,4500
2026-06-06  22:54:20,A2,Empty,2791,5400
2026-06-06  22:54:20,A3, Detected,5718,4500
2026-06-06  22:54:22,A1,Empty,2173,4500
2026-06-06  22:54:22,A2,Empty,3043,5400
2026-06-06  22:54:22,A3, Detected,7403,4500
2026-06-06  22:54:24,A1,Empty,2121,4500
2026-06-06  22:54:24,A2,Empty,3785,5400
2026-06-06  22:54:24,A3, Detected,5162,4500
2026-06-06  22:54:26,A1,Empty,1331,4500
2026-06-06  22:54:26,A2,Empty,2967,5400
2026-06-06  22:54:26,A3, Detected,5683,4500
2026-06-06  22:54:28,A1,Empty,2287,4500
2026-06-06  22:54:28,A2,Empty,2778,5400
2026-06-06  22:54:28,A3, Detected,7737,4500
2026-06-06  22:54:30,A1,Empty,3294,4500
2026-06-06  22:54:30,A2,Empty,2213,5400
2026-06-06  22:54:30,A3, Detected,10865,4500
2026-06-06  22:54:32,A1,Empty,2603,4500
2026-06-06  22:54:32,A2,Empty,2860,5400
2026-06-06  22:54:32,A3,Empty,3564,4500
2026-06-06  22:54:34,A1,Empty,2728,4500
2026-06-06  22:54:34,A2,Empty,3377,5400
2026-06-06  22:54:34,A3, Detected,12221,4500
2026-06-06  22:54:36,A1,Empty,4337,4500
2026-06-06  22:54:36,A2,Empty,3067,5400
2026-06-06  22:54:36,A3, Detected,19919,4500
2026-06-06  22:54:38,A1,Empty,4215,4500
2026-06-06  22:54:38,A2,Empty,3491,5400
2026-06-06  22:54:38,A3, Detected,18581,4500
2026-06-06  22:54:40,A1,Empty,4285,4500
2026-06-06  22:54:40,A2,Empty,2703,5400
2026-06-06  22:54:40,A3, Detected,22043,4500
2026-06-06  22:54:42,A1,Empty,4371,4500
2026-06-06  22:54:42,A2,Empty,2471,5400
2026-06-06  22:54:42,A3, Detected,21703,4500
2026-06-06  22:54:44,A1,Empty,4013,4500
2026-06-06  22:54:44,A2,Empty,2970,5400
2026-06-06  22:54:44,A3, Detected,18839,4500
2026-06-06  22:54:46,A1,Empty,4184,4500
2026-06-06  22:54:46,A2,Empty,2419,5400
2026-06-06  22:54:46,A3, Detected,21432,4500
2026-06-06  22:54:48,A1,Empty,2375,4500
2026-06-06  22:54:48,A2,Empty,2711,5400
2026-06-06  22:54:48,A3, Detected,11138,4500
2026-06-06  22:54:50,A1,Empty,4110,4500
2026-06-06  22:54:50,A2,Empty,2705,5400
2026-06-06  22:54:50,A3, Detected,20226,4500
2026-06-06  22:54:52,A1,Empty,2458,4500
2026-06-06  22:54:52,A2,Empty,3588,5400
2026-06-06  22:54:52,A3, Detected,11839,4500
2026-06-06  22:54:54,A1,Empty,2949,4500
2026-06-06  22:54:54,A2,Empty,3537,5400
2026-06-06  22:54:54,A3, Detected,13196,4500
2026-06-06  22:54:56,A1,Empty,2207,4500
2026-06-06  22:54:56,A2,Empty,3529,5400
2026-06-06  22:54:56,A3, Detected,13105,4500
2026-06-06  22:54:58,A1,Empty,4462,4500
2026-06-06  22:54:58,A2,Empty,2656,5400
2026-06-06  22:54:58,A3, Detected,21519,4500
2026-06-06  22:55:00,A1, Detected,4803,4500
2026-06-06  22:55:00,A2,Empty,2704,5400
2026-06-06  22:55:00,A3, Detected,21809,4500
2026-06-06  22:55:02,A1, Detected,4680,4500
2026-06-06  22:55:02,A2,Empty,2744,5400
2026-06-06  22:55:02,A3, Detected,21922,4500
2026-06-06  22:55:04,A1, Detected,4764,4500
2026-06-06  22:55:04,A2,Empty,2802,5400
2026-06-06  22:55:04,A3, Detected,22313,4500
2026-06-06  22:55:06,A1, Detected,4690,4500
2026-06-06  22:55:06,A2,Empty,2557,5400
2026-06-06  22:55:06,A3, Detected,21818,4500
2026-06-06  22:55:08,A1, Detected,4859,4500
2026-06-06  22:55:08,A2,Empty,2841,5400
2026-06-06  22:55:08,A3, Detected,22185,4500
2026-06-06  22:55:10,A1, Detected,4553,4500
2026-06-06  22:55:10,A2,Empty,2596,5400
2026-06-06  22:55:10,A3, Detected,22470,4500
2026-06-06  22:55:12,A1,Empty,1415,4500
2026-06-06  22:55:12,A2,Empty,3237,5400
2026-06-06  22:55:12,A3,Empty,3603,4500
2026-06-06  22:55:14,A1, Detected,5522,4500
2026-06-06  22:55:14,A2,Empty,3759,5400
2026-06-06  22:55:14,A3, Detected,17474,4500
2026-06-06  22:55:16,A1, Detected,5962,4500
2026-06-06  22:55:16,A2,Empty,575,5400
2026-06-06  22:55:16,A3, Detected,9469,4500
2026-06-06  22:55:18,A1, Detected,4713,4500
2026-06-06  22:55:18,A2,Empty,4418,5400
2026-06-06  22:55:18,A3, Detected,5194,4500
2026-06-06  22:55:20,A1,Empty,2745,4500
2026-06-06  22:55:20,A2,Empty,4623,5400
2026-06-06  22:55:20,A3,Empty,2561,4500
2026-06-06  22:55:22,A1,Empty,2723,4500
2026-06-06  22:55:22,A2,Empty,2087,5400
2026-06-06  22:55:22,A3, Detected,18493,4500
2026-06-06  22:55:24,A1, Detected,5728,4500
2026-06-06  22:55:24,A2,Empty,3308,5400
2026-06-06  22:55:24,A3, Detected,22297,4500
2026-06-06  22:55:26,A1,Empty,2523,4500
2026-06-06  22:55:26,A2,Empty,2457,5400
2026-06-06  22:55:26,A3,Empty,3829,4500
2026-06-06  22:55:28,A1,Empty,1320,4500
2026-06-06  22:55:28,A2,Empty,3537,5400
2026-06-06  22:55:28,A3, Detected,8393,4500
2026-06-06  22:55:30,A1,Empty,3257,4500
2026-06-06  22:55:30,A2,Empty,1959,5400
2026-06-06  22:55:30,A3, Detected,21575,4500
2026-06-06  22:55:32,A1,Empty,4073,4500
2026-06-06  22:55:32,A2,Empty,3441,5400
2026-06-06  22:55:32,A3, Detected,18019,4500
2026-06-06  22:55:34,A1, Detected,8403,4500
2026-06-06  22:55:34,A2,Empty,4077,5400
2026-06-06  22:55:34,A3, Detected,18775,4500
2026-06-06  22:55:36,A1,Empty,2295,4500
2026-06-06  22:55:36,A2,Empty,3029,5400
2026-06-06  22:55:36,A3, Detected,8608,4500
2026-06-06  22:55:38,A1,Empty,1770,4500
2026-06-06  22:55:38,A2,Empty,2968,5400
2026-06-06  22:55:38,A3, Detected,4803,4500
2026-06-06  22:55:40,A1,Empty,2458,4500
2026-06-06  22:55:40,A2,Empty,3459,5400
2026-06-06  22:55:40,A3, Detected,16459,4500
2026-06-06  22:55:42,A1,Empty,2967,4500
2026-06-06  22:55:42,A2,Empty,3180,5400
2026-06-06  22:55:42,A3, Detected,15784,4500
2026-06-06  22:55:44,A1,Empty,1480,4500
2026-06-06  22:55:44,A2,Empty,3192,5400
2026-06-06  22:55:44,A3, Detected,6719,4500
2026-06-06  22:55:46,A1,Empty,2396,4500
2026-06-06  22:55:46,A2,Empty,2563,5400
2026-06-06  22:55:46,A3, Detected,12239,4500
2026-06-06  22:55:48,A1,Empty,2940,4500
2026-06-06  22:55:48,A2,Empty,3606,5400
2026-06-06  22:55:48,A3, Detected,14127,4500
2026-06-06  22:55:50,A1,Empty,2390,4500
2026-06-06  22:55:50,A2,Empty,3664,5400
2026-06-06  22:55:50,A3, Detected,13887,4500
2026-06-06  22:55:52,A1,Empty,3143,4500
2026-06-06  22:55:52,A2,Empty,3906,5400
2026-06-06  22:55:52,A3, Detected,14874,4500
2026-06-06  22:55:54,A1,Empty,1832,4500
2026-06-06  22:55:54,A2,Empty,2207,5400
2026-06-06  22:55:54,A3, Detected,8259,4500
2026-06-06  22:55:57,A1,Empty,2702,4500
2026-06-06  22:55:57,A2,Empty,3932,5400
2026-06-06  22:55:57,A3, Detected,9292,4500
2026-06-06  22:55:59,A1,Empty,3904,4500
2026-06-06  22:55:59,A2,Empty,3075,5400
2026-06-06  22:55:59,A3, Detected,16649,4500
2026-06-06  22:56:01,A1,Empty,3216,4500
2026-06-06  22:56:01,A2,Empty,2584,5400
2026-06-06  22:56:01,A3, Detected,14489,4500
2026-06-06  22:56:03,A1,Empty,4287,4500
2026-06-06  22:56:03,A2,Empty,2928,5400
2026-06-06  22:56:03,A3, Detected,20133,4500
2026-06-06  22:56:05,A1, Detected,4865,4500
2026-06-06  22:56:05,A2,Empty,2775,5400
2026-06-06  22:56:05,A3, Detected,20754,4500
2026-06-06  22:56:07,A1,Empty,4170,4500
2026-06-06  22:56:07,A2,Empty,2942,5400
2026-06-06  22:56:07,A3, Detected,19177,4500
2026-06-06  22:56:09,A1,Empty,3111,4500
2026-06-06  22:56:09,A2,Empty,3768,5400
2026-06-06  22:56:09,A3, Detected,12214,4500
2026-06-06  22:56:11,A1,Empty,2821,4500
2026-06-06  22:56:11,A2,Empty,3949,5400
2026-06-06  22:56:11,A3, Detected,11933,4500
2026-06-06  22:56:13,A1,Empty,2816,4500
2026-06-06  22:56:13,A2,Empty,4037,5400
2026-06-06  22:56:13,A3, Detected,11645,4500
2026-06-06  22:56:15,A1,Empty,2831,4500
2026-06-06  22:56:15,A2,Empty,4475,5400
2026-06-06  22:56:15,A3, Detected,11416,4500
2026-06-06  22:56:17,A1,Empty,2607,4500
2026-06-06  22:56:17,A2,Empty,4037,5400
2026-06-06  22:56:17,A3, Detected,11863,4500
2026-06-06  22:56:19,A1,Empty,2781,4500
2026-06-06  22:56:19,A2,Empty,3767,5400
2026-06-06  22:56:19,A3, Detected,11209,4500
2026-06-06  22:56:21,A1,Empty,3061,4500
2026-06-06  22:56:21,A2,Empty,3530,5400
2026-06-06  22:56:21,A3, Detected,14124,4500
2026-06-06  22:56:23,A1,Empty,2974,4500
2026-06-06  22:56:23,A2,Empty,3637,5400
2026-06-06  22:56:23,A3, Detected,13107,4500
2026-06-06  22:56:25,A1,Empty,2511,4500
2026-06-06  22:56:25,A2,Empty,3625,5400
2026-06-06  22:56:25,A3, Detected,13387,4500
2026-06-06  22:56:27,A1,Empty,2425,4500
2026-06-06  22:56:27,A2,Empty,3623,5400
2026-06-06  22:56:27,A3, Detected,13902,4500
2026-06-06  22:56:29,A1,Empty,2426,4500
2026-06-06  22:56:29,A2,Empty,3677,5400
2026-06-06  22:56:29,A3, Detected,13802,4500
2026-06-06  22:56:31,A1,Empty,4108,4500
2026-06-06  22:56:31,A2,Empty,2938,5400
2026-06-06  22:56:31,A3, Detected,19240,4500
2026-06-06  22:56:33,A1,Empty,2474,4500
2026-06-06  22:56:33,A2,Empty,3839,5400
2026-06-06  22:56:33,A3, Detected,13942,4500
2026-06-06  22:56:35,A1,Empty,2747,4500
2026-06-06  22:56:35,A2,Empty,3794,5400
2026-06-06  22:56:35,A3, Detected,13705,4500
2026-06-06  22:56:37,A1,Empty,3430,4500
2026-06-06  22:56:37,A2,Empty,3030,5400
2026-06-06  22:56:37,A3, Detected,14165,4500
2026-06-06  22:56:39,A1,Empty,4265,4500
2026-06-06  22:56:39,A2,Empty,3006,5400
2026-06-06  22:56:39,A3, Detected,18220,4500
2026-06-06  22:56:41,A1,Empty,2820,4500
2026-06-06  22:56:41,A2,Empty,3397,5400
2026-06-06  22:56:41,A3, Detected,13164,4500
2026-06-06  22:56:43,A1, Detected,7311,4500
2026-06-06  22:56:43,A2, Detected,7569,5400
2026-06-06  22:56:43,A3, Detected,22428,4500
2026-06-06  22:56:45,A1,Empty,0,4500
2026-06-06  22:56:45,A2,Empty,0,5400
2026-06-06  22:56:45,A3, Detected,4524,4500
2026-06-06  22:56:47,A1, Detected,32968,4500
2026-06-06  22:56:47,A2, Detected,5510,5400
2026-06-06  22:56:47,A3, Detected,55895,4500
2026-06-06  23:02:11,A1,Empty,3010,4500
2026-06-06  23:02:11,A2,Empty,5187,5400
2026-06-06  23:02:11,A3,Empty,3723,4500
2026-06-06  23:02:13,A1,Empty,0,4500
2026-06-06  23:02:13,A2,Empty,0,5400
2026-06-06  23:02:13,A3,Empty,0,4500
2026-06-06  23:02:15,A1,Empty,765,4500
2026-06-06  23:02:15,A2,Empty,0,5400
2026-06-06  23:02:15,A3,Empty,3335,4500
2026-06-06  23:02:17,A1,Empty,0,4500
2026-06-06  23:02:17,A2,Empty,0,5400
2026-06-06  23:02:17,A3,Empty,0,4500
2026-06-06  23:02:19,A1,Empty,2661,4500
2026-06-06  23:02:19,A2,Empty,3434,5400
2026-06-06  23:02:19,A3, Detected,6032,4500
2026-06-06  23:02:21,A1,Empty,2214,4500
2026-06-06  23:02:21,A2,Empty,3509,5400
2026-06-06  23:02:21,A3, Detected,9744,4500
2026-06-06  23:02:23,A1,Empty,3342,4500
2026-06-06  23:02:23,A2,Empty,3790,5400
2026-06-06  23:02:23,A3, Detected,17100,4500
2026-06-06  23:02:25,A1,Empty,1608,4500
2026-06-06  23:02:25,A2,Empty,5305,5400
2026-06-06  23:02:25,A3, Detected,13925,4500
2026-06-06  23:02:27,A1,Empty,2040,4500
2026-06-06  23:02:27,A2,Empty,4025,5400
2026-06-06  23:02:27,A3, Detected,14495,4500
2026-06-06  23:02:29,A1,Empty,1534,4500
2026-06-06  23:02:29,A2,Empty,3404,5400
2026-06-06  23:02:29,A3, Detected,11271,4500
2026-06-06  23:02:31,A1,Empty,1861,4500
2026-06-06  23:02:31,A2,Empty,4664,5400
2026-06-06  23:02:31,A3, Detected,15079,4500
2026-06-06  23:02:33,A1,Empty,1991,4500
2026-06-06  23:02:33,A2,Empty,4196,5400
2026-06-06  23:02:33,A3, Detected,9162,4500
2026-06-06  23:02:35,A1,Empty,0,4500
2026-06-06  23:02:35,A2,Empty,0,5400
2026-06-06  23:02:35,A3,Empty,0,4500
2026-06-06  23:04:05,A1,Empty,2144,4500
2026-06-06  23:04:05,A2,Empty,2520,5400
2026-06-06  23:04:05,A3, Detected,5785,4500
2026-06-06  23:04:07,A1,Empty,0,4500
2026-06-06  23:04:07,A2,Empty,0,5400
2026-06-06  23:04:07,A3,Empty,0,4500
2026-06-06  23:04:09,A1,Empty,2937,4500
2026-06-06  23:04:09,A2,Empty,1267,5400
2026-06-06  23:04:09,A3,Empty,3863,4500
2026-06-06  23:04:11,A1,Empty,2840,4500
2026-06-06  23:04:11,A2,Empty,1363,5400
2026-06-06  23:04:11,A3,Empty,3908,4500
2026-06-06  23:04:13,A1,Empty,2842,4500
2026-06-06  23:04:13,A2,Empty,3142,5400
2026-06-06  23:04:13,A3, Detected,5201,4500
2026-06-06  23:04:15,A1,Empty,0,4500
2026-06-06  23:04:15,A2,Empty,0,5400
2026-06-06  23:04:15,A3,Empty,0,4500
2026-06-06  23:04:17,A1,Empty,0,4500
2026-06-06  23:04:17,A2,Empty,0,5400
2026-06-06  23:04:17,A3,Empty,0,4500
2026-06-06  23:04:19,A1,Empty,0,4500
2026-06-06  23:04:19,A2,Empty,0,5400
2026-06-06  23:04:19,A3,Empty,0,4500
2026-06-06  23:04:21,A1,Empty,0,4500
2026-06-06  23:04:21,A2,Empty,0,5400
2026-06-06  23:04:21,A3,Empty,0,4500
2026-06-06  23:04:23,A1,Empty,0,4500
2026-06-06  23:04:23,A2,Empty,0,5400
2026-06-06  23:04:23,A3,Empty,0,4500
2026-06-06  23:04:25,A1,Empty,0,4500
2026-06-06  23:04:25,A2,Empty,0,5400
2026-06-06  23:04:25,A3,Empty,0,4500
2026-06-06  23:04:27,A1,Empty,496,4500
2026-06-06  23:04:27,A2,Empty,0,5400
2026-06-06  23:04:27,A3,Empty,0,4500
2026-06-06  23:04:29,A1,Empty,0,4500
2026-06-06  23:04:29,A2,Empty,0,5400
2026-06-06  23:04:29,A3,Empty,0,4500
2026-06-06  23:04:31,A1,Empty,3126,4500
2026-06-06  23:04:31,A2,Empty,0,5400
2026-06-06  23:04:31,A3,Empty,192,4500
2026-06-06  23:04:33,A1,Empty,2364,4500
2026-06-06  23:04:33,A2,Empty,0,5400
2026-06-06  23:04:33,A3,Empty,137,4500
2026-06-06  23:04:35,A1, Detected,5391,4500
2026-06-06  23:04:35,A2,Empty,0,5400
2026-06-06  23:04:35,A3,Empty,863,4500
2026-06-06  23:04:37,A1,Empty,936,4500
2026-06-06  23:04:37,A2,Empty,0,5400
2026-06-06  23:04:37,A3,Empty,2208,4500
2026-06-06  23:04:39,A1,Empty,0,4500
2026-06-06  23:04:39,A2,Empty,546,5400
2026-06-06  23:04:39,A3,Empty,0,4500
2026-06-06  23:04:41,A1,Empty,1307,4500
2026-06-06  23:04:41,A2,Empty,3429,5400
2026-06-06  23:04:41,A3, Detected,6041,4500
2026-06-06  23:04:43,A1,Empty,2370,4500
2026-06-06  23:04:43,A2,Empty,4959,5400
2026-06-06  23:04:43,A3, Detected,8616,4500
2026-06-06  23:04:45,A1,Empty,2734,4500
2026-06-06  23:04:45,A2,Empty,4988,5400
2026-06-06  23:04:45,A3,Empty,4390,4500
2026-06-06  23:04:47,A1,Empty,2225,4500
2026-06-06  23:04:47,A2,Empty,4077,5400
2026-06-06  23:04:47,A3, Detected,5576,4500
2026-06-06  23:04:49,A1,Empty,1289,4500
2026-06-06  23:04:49,A2,Empty,0,5400
2026-06-06  23:04:49,A3,Empty,3571,4500
2026-06-06  23:04:51,A1,Empty,2358,4500
2026-06-06  23:04:51,A2,Empty,0,5400
2026-06-06  23:04:51,A3, Detected,5588,4500
2026-06-06  23:04:53,A1,Empty,2842,4500
2026-06-06  23:04:53,A2,Empty,3418,5400
2026-06-06  23:04:53,A3,Empty,3949,4500
2026-06-06  23:04:55,A1,Empty,2800,4500
2026-06-06  23:04:55,A2,Empty,0,5400
2026-06-06  23:04:55,A3, Detected,6466,4500
2026-06-06  23:04:57,A1,Empty,4191,4500
2026-06-06  23:04:57,A2,Empty,0,5400
2026-06-06  23:04:57,A3, Detected,9461,4500
2026-06-06  23:04:59,A1, Detected,6186,4500
2026-06-06  23:04:59,A2,Empty,0,5400
2026-06-06  23:04:59,A3, Detected,13088,4500
2026-06-06  23:05:01,A1,Empty,475,4500
2026-06-06  23:05:01,A2,Empty,0,5400
2026-06-06  23:05:01,A3,Empty,4123,4500
2026-06-06  23:05:03,A1,Empty,3221,4500
2026-06-06  23:05:03,A2,Empty,0,5400
2026-06-06  23:05:03,A3, Detected,5859,4500
2026-06-06  23:05:05,A1,Empty,1841,4500
2026-06-06  23:05:05,A2,Empty,0,5400
2026-06-06  23:05:05,A3, Detected,4835,4500
2026-06-06  23:05:19,A1,Empty,2860,4500
2026-06-06  23:05:19,A2,Empty,3480,5400
2026-06-06  23:05:19,A3, Detected,5404,4500
2026-06-06  23:05:21,A1, Detected,9075,4500
2026-06-06  23:05:21,A2,Empty,3480,5400
2026-06-06  23:05:21,A3, Detected,23003,4500
2026-06-06  23:05:23,A1,Empty,3473,4500
2026-06-06  23:05:23,A2,Empty,3214,5400
2026-06-06  23:05:23,A3, Detected,5075,4500
2026-06-06  23:05:25,A1, Detected,5343,4500
2026-06-06  23:05:25,A2,Empty,4148,5400
2026-06-06  23:05:25,A3, Detected,22246,4500
2026-06-06  23:05:27,A1, Detected,5616,4500
2026-06-06  23:05:27,A2,Empty,3602,5400
2026-06-06  23:05:27,A3, Detected,24434,4500
2026-06-06  23:05:29,A1, Detected,4715,4500
2026-06-06  23:05:29,A2,Empty,3318,5400
2026-06-06  23:05:29,A3, Detected,21630,4500
2026-06-06  23:05:31,A1, Detected,4992,4500
2026-06-06  23:05:31,A2,Empty,3560,5400
2026-06-06  23:05:31,A3, Detected,21517,4500
2026-06-06  23:05:33,A1, Detected,4750,4500
2026-06-06  23:05:33,A2,Empty,4069,5400
2026-06-06  23:05:33,A3, Detected,21874,4500
2026-06-06  23:05:35,A1,Empty,2763,4500
2026-06-06  23:05:35,A2,Empty,3166,5400
2026-06-06  23:05:35,A3, Detected,14960,4500
2026-06-06  23:05:37,A1,Empty,2161,4500
2026-06-06  23:05:37,A2,Empty,5218,5400
2026-06-06  23:05:37,A3, Detected,5912,4500
2026-06-06  23:05:39,A1,Empty,3702,4500
2026-06-06  23:05:39,A2,Empty,3799,5400
2026-06-06  23:05:39,A3, Detected,19316,4500
2026-06-06  23:05:41,A1,Empty,2126,4500
2026-06-06  23:05:41,A2,Empty,3194,5400
2026-06-06  23:05:41,A3, Detected,14377,4500
2026-06-06  23:05:43,A1,Empty,3593,4500
2026-06-06  23:05:43,A2,Empty,2950,5400
2026-06-06  23:05:43,A3, Detected,9749,4500
2026-06-06  23:05:45,A1, Detected,5233,4500
2026-06-06  23:05:45,A2,Empty,3361,5400
2026-06-06  23:05:45,A3, Detected,22931,4500
2026-06-06  23:05:47,A1,Empty,3405,4500
2026-06-06  23:05:47,A2, Detected,6506,5400
2026-06-06  23:05:47,A3, Detected,11699,4500
2026-06-06  23:05:49,A1,Empty,1824,4500
2026-06-06  23:05:49,A2,Empty,4069,5400
2026-06-06  23:05:49,A3, Detected,13591,4500
2026-06-06  23:05:51,A1,Empty,2184,4500
2026-06-06  23:05:51,A2,Empty,3919,5400
2026-06-06  23:05:51,A3, Detected,17045,4500
2026-06-06  23:05:53,A1,Empty,3686,4500
2026-06-06  23:05:53,A2,Empty,3308,5400
2026-06-06  23:05:53,A3, Detected,19652,4500
2026-06-06  23:05:55,A1,Empty,3914,4500
2026-06-06  23:05:55,A2,Empty,3082,5400
2026-06-06  23:05:55,A3, Detected,19859,4500
2026-06-06  23:05:57,A1,Empty,3467,4500
2026-06-06  23:05:57,A2,Empty,3260,5400
2026-06-06  23:05:57,A3, Detected,20064,4500
2026-06-06  23:05:59,A1,Empty,3778,4500
2026-06-06  23:05:59,A2,Empty,3333,5400
2026-06-06  23:05:59,A3, Detected,19662,4500
2026-06-06  23:06:01,A1,Empty,3381,4500
2026-06-06  23:06:01,A2,Empty,3148,5400
2026-06-06  23:06:01,A3, Detected,20224,4500
2026-06-06  23:06:03,A1,Empty,3167,4500
2026-06-06  23:06:03,A2,Empty,3347,5400
2026-06-06  23:06:03,A3, Detected,20020,4500
2026-06-06  23:06:05,A1,Empty,3527,4500
2026-06-06  23:06:05,A2,Empty,3283,5400
2026-06-06  23:06:05,A3, Detected,19899,4500
2026-06-06  23:06:07,A1,Empty,3405,4500
2026-06-06  23:06:07,A2,Empty,3326,5400
2026-06-06  23:06:07,A3, Detected,19432,4500
2026-06-06  23:06:09,A1,Empty,3514,4500
2026-06-06  23:06:09,A2,Empty,3062,5400
2026-06-06  23:06:09,A3, Detected,19650,4500
2026-06-06  23:06:11,A1,Empty,3565,4500
2026-06-06  23:06:11,A2,Empty,2841,5400
2026-06-06  23:06:11,A3, Detected,19681,4500
2026-06-06  23:06:13,A1,Empty,3805,4500
2026-06-06  23:06:13,A2,Empty,3062,5400
2026-06-06  23:06:13,A3, Detected,19682,4500
2026-06-06  23:06:15,A1,Empty,3553,4500
2026-06-06  23:06:15,A2,Empty,3059,5400
2026-06-06  23:06:15,A3, Detected,19458,4500
2026-06-06  23:06:17,A1,Empty,3520,4500
2026-06-06  23:06:17,A2,Empty,2994,5400
2026-06-06  23:06:17,A3, Detected,19942,4500
2026-06-06  23:06:19,A1,Empty,3941,4500
2026-06-06  23:06:19,A2,Empty,3080,5400
2026-06-06  23:06:19,A3, Detected,19960,4500
2026-06-06  23:06:21,A1,Empty,3543,4500
2026-06-06  23:06:21,A2,Empty,3076,5400
2026-06-06  23:06:21,A3, Detected,19662,4500
2026-06-06  23:06:23,A1,Empty,3275,4500
2026-06-06  23:06:23,A2,Empty,3073,5400
2026-06-06  23:06:23,A3, Detected,19471,4500
2026-06-06  23:06:25,A1,Empty,3322,4500
2026-06-06  23:06:25,A2,Empty,3018,5400
2026-06-06  23:06:25,A3, Detected,19656,4500
2026-06-06  23:06:27,A1,Empty,3495,4500
2026-06-06  23:06:27,A2,Empty,3074,5400
2026-06-06  23:06:27,A3, Detected,19922,4500
2026-06-06  23:06:29,A1,Empty,3597,4500
2026-06-06  23:06:29,A2,Empty,3075,5400
2026-06-06  23:06:29,A3, Detected,19380,4500
2026-06-06  23:06:31,A1,Empty,3574,4500
2026-06-06  23:06:31,A2,Empty,3078,5400
2026-06-06  23:06:31,A3, Detected,19478,4500
2026-06-06  23:06:33,A1,Empty,3163,4500
2026-06-06  23:06:33,A2,Empty,3109,5400
2026-06-06  23:06:33,A3, Detected,19793,4500
2026-06-06  23:06:35,A1,Empty,3512,4500
2026-06-06  23:06:35,A2,Empty,2904,5400
2026-06-06  23:06:35,A3, Detected,19348,4500
2026-06-06  23:06:37,A1,Empty,3933,4500
2026-06-06  23:06:37,A2,Empty,3108,5400
2026-06-06  23:06:37,A3, Detected,19695,4500
2026-06-06  23:06:39,A1,Empty,3745,4500
2026-06-06  23:06:39,A2,Empty,3080,5400
2026-06-06  23:06:39,A3, Detected,19738,4500
2026-06-06  23:06:41,A1,Empty,3530,4500
2026-06-06  23:06:41,A2,Empty,3045,5400
2026-06-06  23:06:41,A3, Detected,19498,4500
2026-06-06  23:06:43,A1,Empty,3457,4500
2026-06-06  23:06:43,A2,Empty,3048,5400
2026-06-06  23:06:43,A3, Detected,19165,4500
2026-06-06  23:06:45,A1,Empty,3339,4500
2026-06-06  23:06:45,A2,Empty,3029,5400
2026-06-06  23:06:45,A3, Detected,19637,4500
2026-06-06  23:06:47,A1,Empty,3526,4500
2026-06-06  23:06:47,A2,Empty,3097,5400
2026-06-06  23:06:47,A3, Detected,19483,4500
2026-06-06  23:06:49,A1,Empty,3763,4500
2026-06-06  23:06:49,A2,Empty,3041,5400
2026-06-06  23:06:49,A3, Detected,19510,4500
2026-06-06  23:06:51,A1,Empty,3336,4500
2026-06-06  23:06:51,A2,Empty,3090,5400
2026-06-06  23:06:51,A3, Detected,19805,4500
2026-06-06  23:06:53,A1,Empty,3582,4500
2026-06-06  23:06:53,A2,Empty,3088,5400
2026-06-06  23:06:53,A3, Detected,19408,4500
2026-06-06  23:06:55,A1,Empty,3349,4500
2026-06-06  23:06:55,A2,Empty,3017,5400
2026-06-06  23:06:55,A3, Detected,18947,4500
2026-06-06  23:06:57,A1,Empty,3408,4500
2026-06-06  23:06:57,A2,Empty,3046,5400
2026-06-06  23:06:57,A3, Detected,19783,4500
2026-06-06  23:06:59,A1,Empty,3513,4500
2026-06-06  23:06:59,A2,Empty,3103,5400
2026-06-06  23:06:59,A3, Detected,19446,4500
2026-06-06  23:40:56,A1,Empty,3660,4500
2026-06-06  23:40:56,A2,Empty,3062,5400
2026-06-06  23:40:56,A3, Detected,19723,4500
2026-06-06  23:40:58,A1,Empty,3967,4500
2026-06-06  23:40:58,A2,Empty,3038,5400
2026-06-06  23:40:58,A3, Detected,19903,4500
2026-06-06  23:41:00,A1,Empty,3503,4500
2026-06-06  23:41:00,A2,Empty,3068,5400
2026-06-06  23:41:00,A3, Detected,19682,4500
2026-06-06  23:41:03,A1,Empty,3759,4500
2026-06-06  23:41:03,A2,Empty,3193,5400
2026-06-06  23:41:03,A3, Detected,19766,4500
2026-06-06  23:41:05,A1,Empty,3452,4500
2026-06-06  23:41:05,A2,Empty,3029,5400
2026-06-06  23:41:05,A3, Detected,20233,4500
2026-06-06  23:41:07,A1,Empty,3791,4500
2026-06-06  23:41:07,A2,Empty,3057,5400
2026-06-06  23:41:07,A3, Detected,20427,4500
2026-06-06  23:41:09,A1,Empty,3351,4500
2026-06-06  23:41:09,A2,Empty,3036,5400
2026-06-06  23:41:09,A3, Detected,20075,4500
2026-06-06  23:41:11,A1,Empty,3689,4500
2026-06-06  23:41:11,A2,Empty,3218,5400
2026-06-06  23:41:11,A3, Detected,19942,4500
2026-06-06  23:41:13,A1,Empty,3596,4500
2026-06-06  23:41:13,A2,Empty,3025,5400
2026-06-06  23:41:13,A3, Detected,19984,4500
2026-06-06  23:41:15,A1,Empty,3810,4500
2026-06-06  23:41:15,A2,Empty,3052,5400
2026-06-06  23:41:15,A3, Detected,20253,4500
2026-06-06  23:41:17,A1,Empty,3825,4500
2026-06-06  23:41:17,A2,Empty,3154,5400
2026-06-06  23:41:17,A3, Detected,19785,4500
2026-06-06  23:41:19,A1,Empty,3594,4500
2026-06-06  23:41:19,A2,Empty,3171,5400
2026-06-06  23:41:19,A3, Detected,19770,4500
2026-06-06  23:41:21,A1,Empty,3380,4500
2026-06-06  23:41:21,A2,Empty,3182,5400
2026-06-06  23:41:21,A3, Detected,19764,4500
2026-06-06  23:41:23,A1,Empty,3395,4500
2026-06-06  23:41:23,A2,Empty,3060,5400
2026-06-06  23:41:23,A3, Detected,19947,4500
2026-06-06  23:41:25,A1,Empty,3652,4500
2026-06-06  23:41:25,A2,Empty,3156,5400
2026-06-06  23:41:25,A3, Detected,19959,4500
2026-06-06  23:41:27,A1,Empty,3849,4500
2026-06-06  23:41:27,A2,Empty,3173,5400
2026-06-06  23:41:27,A3, Detected,19882,4500
2026-06-06  23:41:29,A1,Empty,3749,4500
2026-06-06  23:41:29,A2,Empty,3149,5400
2026-06-06  23:41:29,A3, Detected,19704,4500
2026-06-06  23:41:31,A1,Empty,3347,4500
2026-06-06  23:41:31,A2,Empty,3019,5400
2026-06-06  23:41:31,A3, Detected,19581,4500
2026-06-06  23:41:33,A1,Empty,3504,4500
2026-06-06  23:41:33,A2,Empty,3081,5400
2026-06-06  23:41:33,A3, Detected,19880,4500
2026-06-06  23:41:35,A1,Empty,3666,4500
2026-06-06  23:41:35,A2,Empty,3152,5400
2026-06-06  23:41:35,A3, Detected,19645,4500
2026-06-06  23:41:37,A1,Empty,3425,4500
2026-06-06  23:41:37,A2,Empty,3244,5400
2026-06-06  23:41:37,A3, Detected,19749,4500
2026-06-06  23:41:39,A1,Empty,3703,4500
2026-06-06  23:41:39,A2,Empty,3145,5400
2026-06-06  23:41:39,A3, Detected,20237,4500
2026-06-06  23:41:41,A1,Empty,3940,4500
2026-06-06  23:41:41,A2,Empty,3181,5400
2026-06-06  23:41:41,A3, Detected,20403,4500
2026-06-06  23:41:43,A1,Empty,3767,4500
2026-06-06  23:41:43,A2,Empty,2976,5400
2026-06-06  23:41:43,A3, Detected,19846,4500
2026-06-06  23:41:45,A1,Empty,3451,4500
2026-06-06  23:41:45,A2,Empty,3540,5400
2026-06-06  23:41:45,A3, Detected,19851,4500
2026-06-06  23:41:47,A1,Empty,3632,4500
2026-06-06  23:41:47,A2,Empty,3164,5400
2026-06-06  23:41:47,A3, Detected,20256,4500
2026-06-06  23:41:49,A1,Empty,3678,4500
2026-06-06  23:41:49,A2,Empty,3135,5400
2026-06-06  23:41:49,A3, Detected,19853,4500
2026-06-06  23:41:51,A1,Empty,3670,4500
2026-06-06  23:41:51,A2,Empty,3242,5400
2026-06-06  23:41:51,A3, Detected,20020,4500
2026-06-06  23:41:53,A1,Empty,3849,4500
2026-06-06  23:41:53,A2,Empty,3154,5400
2026-06-06  23:41:53,A3, Detected,19966,4500
2026-06-06  23:41:55,A1,Empty,3767,4500
2026-06-06  23:41:55,A2,Empty,3059,5400
2026-06-06  23:41:55,A3, Detected,19851,4500
2026-06-06  23:41:57,A1,Empty,3714,4500
2026-06-06  23:41:57,A2,Empty,2987,5400
2026-06-06  23:41:57,A3, Detected,20044,4500
2026-06-06  23:41:59,A1,Empty,3500,4500
2026-06-06  23:41:59,A2,Empty,3177,5400
2026-06-06  23:41:59,A3, Detected,19627,4500
2026-06-06  23:42:01,A1,Empty,3751,4500
2026-06-06  23:42:01,A2,Empty,3170,5400
2026-06-06  23:42:01,A3, Detected,20165,4500
2026-06-06  23:42:03,A1,Empty,3694,4500
2026-06-06  23:42:03,A2,Empty,3143,5400
2026-06-06  23:42:03,A3, Detected,19558,4500
2026-06-06  23:42:05,A1,Empty,3584,4500
2026-06-06  23:42:05,A2,Empty,3256,5400
2026-06-06  23:42:05,A3, Detected,20032,4500
2026-06-06  23:42:07,A1,Empty,3512,4500
2026-06-06  23:42:07,A2,Empty,3232,5400
2026-06-06  23:42:07,A3, Detected,19625,4500
2026-06-06  23:42:09,A1,Empty,3958,4500
2026-06-06  23:42:09,A2,Empty,3181,5400
2026-06-06  23:42:09,A3, Detected,19763,4500
2026-06-06  23:42:11,A1,Empty,3509,4500
2026-06-06  23:42:11,A2,Empty,3158,5400
2026-06-06  23:42:11,A3, Detected,19939,4500
2026-06-06  23:42:13,A1,Empty,3715,4500
2026-06-06  23:42:13,A2,Empty,3190,5400
2026-06-06  23:42:13,A3, Detected,19786,4500
2026-06-06  23:42:15,A1,Empty,3395,4500
2026-06-06  23:42:15,A2,Empty,3263,5400
2026-06-06  23:42:15,A3, Detected,20073,4500
2026-06-06  23:42:17,A1,Empty,3427,4500
2026-06-06  23:42:17,A2,Empty,3148,5400
2026-06-06  23:42:17,A3, Detected,19800,4500
2026-06-06  23:42:19,A1,Empty,3737,4500
2026-06-06  23:42:19,A2,Empty,3203,5400
2026-06-06  23:42:19,A3, Detected,19988,4500
2026-06-06  23:42:21,A1,Empty,3967,4500
2026-06-06  23:42:21,A2,Empty,3248,5400
2026-06-06  23:42:21,A3, Detected,19889,4500
2026-06-06  23:42:23,A1,Empty,3627,4500
2026-06-06  23:42:23,A2,Empty,3273,5400
2026-06-06  23:42:23,A3, Detected,19985,4500
2026-06-06  23:42:25,A1,Empty,3896,4500
2026-06-06  23:42:25,A2,Empty,3240,5400
2026-06-06  23:42:25,A3, Detected,19700,4500
2026-06-06  23:42:27,A1,Empty,3393,4500
2026-06-06  23:42:27,A2,Empty,3181,5400
2026-06-06  23:42:27,A3, Detected,19992,4500
2026-06-06  23:42:29,A1,Empty,3355,4500
2026-06-06  23:42:29,A2,Empty,3260,5400
2026-06-06  23:42:29,A3, Detected,19591,4500
2026-06-06  23:42:31,A1,Empty,3884,4500
2026-06-06  23:42:31,A2,Empty,3220,5400
2026-06-06  23:42:31,A3, Detected,19550,4500
2026-06-06  23:42:33,A1,Empty,3717,4500
2026-06-06  23:42:33,A2,Empty,3263,5400
2026-06-06  23:42:33,A3, Detected,19779,4500
2026-06-06  23:42:35,A1,Empty,3837,4500
2026-06-06  23:42:35,A2,Empty,3200,5400
2026-06-06  23:42:35,A3, Detected,20152,4500
2026-06-06  23:42:37,A1,Empty,3940,4500
2026-06-06  23:42:37,A2,Empty,3111,5400
2026-06-06  23:42:37,A3, Detected,19861,4500
2026-06-06  23:42:39,A1,Empty,4053,4500
2026-06-06  23:42:39,A2,Empty,3165,5400
2026-06-06  23:42:39,A3, Detected,20092,4500
2026-06-06  23:42:41,A1,Empty,4018,4500
2026-06-06  23:42:41,A2,Empty,3283,5400
2026-06-06  23:42:41,A3, Detected,19609,4500
2026-06-06  23:42:43,A1,Empty,3658,4500
2026-06-06  23:42:43,A2,Empty,3270,5400
2026-06-06  23:42:43,A3, Detected,19388,4500
2026-06-06  23:42:45,A1,Empty,3761,4500
2026-06-06  23:42:45,A2,Empty,2995,5400
2026-06-06  23:42:45,A3, Detected,19732,4500
2026-06-06  23:42:47,A1,Empty,3655,4500
2026-06-06  23:42:47,A2,Empty,3077,5400
2026-06-06  23:42:47,A3, Detected,20146,4500
2026-06-06  23:42:49,A1,Empty,3756,4500
2026-06-06  23:42:49,A2,Empty,3071,5400
2026-06-06  23:42:49,A3, Detected,19929,4500
2026-06-06  23:42:51,A1,Empty,3511,4500
2026-06-06  23:42:51,A2,Empty,3056,5400
2026-06-06  23:42:51,A3, Detected,19779,4500
2026-06-06  23:42:53,A1,Empty,1688,4500
2026-06-06  23:42:53,A2, Detected,5892,5400
2026-06-06  23:42:53,A3, Detected,11069,4500
2026-06-06  23:42:55,A1,Empty,2289,4500
2026-06-06  23:42:55,A2,Empty,3731,5400
2026-06-06  23:42:55,A3, Detected,15998,4500
2026-06-06  23:42:57,A1,Empty,1487,4500
2026-06-06  23:42:57,A2,Empty,3766,5400
2026-06-06  23:42:57,A3, Detected,14196,4500
2026-06-06  23:42:59,A1,Empty,1434,4500
2026-06-06  23:42:59,A2,Empty,4316,5400
2026-06-06  23:42:59,A3, Detected,13380,4500
2026-06-06  23:43:01,A1,Empty,1229,4500
2026-06-06  23:43:01,A2,Empty,3574,5400
2026-06-06  23:43:01,A3, Detected,14066,4500
2026-06-06  23:43:03,A1,Empty,3159,4500
2026-06-06  23:43:03,A2,Empty,3691,5400
2026-06-06  23:43:03,A3, Detected,18343,4500
2026-06-06  23:43:05,A1,Empty,2422,4500
2026-06-06  23:43:05,A2,Empty,3682,5400
2026-06-06  23:43:05,A3, Detected,14660,4500
2026-06-06  23:43:07,A1,Empty,3171,4500
2026-06-06  23:43:07,A2, Detected,6488,5400
2026-06-06  23:43:07,A3, Detected,5957,4500
2026-06-06  23:43:09,A1,Empty,3306,4500
2026-06-06  23:43:09,A2,Empty,3382,5400
2026-06-06  23:43:09,A3, Detected,17537,4500
2026-06-06  23:43:11,A1,Empty,3043,4500
2026-06-06  23:43:11,A2,Empty,3401,5400
2026-06-06  23:43:11,A3, Detected,18021,4500
2026-06-06  23:43:13,A1,Empty,3082,4500
2026-06-06  23:43:13,A2,Empty,3360,5400
2026-06-06  23:43:13,A3, Detected,17871,4500
2026-06-06  23:43:15,A1,Empty,3294,4500
2026-06-06  23:43:15,A2,Empty,3032,5400
2026-06-06  23:43:15,A3, Detected,18047,4500
2026-06-06  23:43:17,A1,Empty,3273,4500
2026-06-06  23:43:17,A2,Empty,3457,5400
2026-06-06  23:43:17,A3, Detected,18065,4500
2026-06-06  23:43:19,A1,Empty,3227,4500
2026-06-06  23:43:19,A2,Empty,3497,5400
2026-06-06  23:43:19,A3, Detected,17600,4500
2026-06-06  23:43:21,A1,Empty,2844,4500
2026-06-06  23:43:21,A2,Empty,3524,5400
2026-06-06  23:43:21,A3, Detected,18211,4500
2026-06-06  23:43:23,A1,Empty,3229,4500
2026-06-06  23:43:23,A2,Empty,3034,5400
2026-06-06  23:43:23,A3, Detected,18019,4500
2026-06-06  23:43:25,A1,Empty,3193,4500
2026-06-06  23:43:25,A2,Empty,3116,5400
2026-06-06  23:43:25,A3, Detected,18004,4500
2026-06-06  23:43:27,A1,Empty,2948,4500
2026-06-06  23:43:27,A2,Empty,3037,5400
2026-06-06  23:43:27,A3, Detected,17872,4500
2026-06-06  23:43:29,A1,Empty,3186,4500
2026-06-06  23:43:29,A2,Empty,3509,5400
2026-06-06  23:43:29,A3, Detected,18278,4500
2026-06-06  23:43:31,A1,Empty,2934,4500
2026-06-06  23:43:31,A2,Empty,3436,5400
2026-06-06  23:43:31,A3, Detected,18301,4500
2026-06-06  23:43:33,A1,Empty,3481,4500
2026-06-06  23:43:33,A2,Empty,3514,5400
2026-06-06  23:43:33,A3, Detected,18335,4500
2026-06-06  23:43:35,A1,Empty,3343,4500
2026-06-06  23:43:35,A2,Empty,3443,5400
2026-06-06  23:43:35,A3, Detected,18290,4500
2026-06-06  23:43:37,A1,Empty,3434,4500
2026-06-06  23:43:37,A2,Empty,3320,5400
2026-06-06  23:43:37,A3, Detected,18409,4500
2026-06-06  23:43:39,A1,Empty,3497,4500
2026-06-06  23:43:39,A2,Empty,3456,5400
2026-06-06  23:43:39,A3, Detected,17990,4500
2026-06-06  23:43:41,A1,Empty,3200,4500
2026-06-06  23:43:41,A2,Empty,3436,5400
2026-06-06  23:43:41,A3, Detected,18437,4500
2026-06-06  23:52:12,A1,Empty,868,1500
2026-06-06  23:52:12,A2,Empty,645,1800
2026-06-06  23:52:12,A3,Empty,886,1500
2026-06-06  23:52:14,A1,Empty,694,1500
2026-06-06  23:52:14,A2,Empty,653,1800
2026-06-06  23:52:14,A3,Empty,946,1500
2026-06-06  23:52:16,A1,Empty,706,1500
2026-06-06  23:52:16,A2,Empty,642,1800
2026-06-06  23:52:16,A3,Empty,951,1500
2026-06-06  23:52:18,A1,Empty,696,1500
2026-06-06  23:52:18,A2,Empty,651,1800
2026-06-06  23:52:18,A3,Empty,952,1500
2026-06-06  23:52:20,A1,Empty,1025,1500
2026-06-06  23:52:20,A2,Empty,645,1800
2026-06-06  23:52:20,A3,Empty,862,1500
2026-06-06  23:52:22,A1,Empty,974,1500
2026-06-06  23:52:22,A2,Empty,644,1800
2026-06-06  23:52:22,A3,Empty,916,1500
2026-06-06  23:52:24,A1,Empty,696,1500
2026-06-06  23:52:24,A2,Empty,654,1800
2026-06-06  23:52:24,A3,Empty,872,1500
2026-06-06  23:52:26,A1,Empty,694,1500
2026-06-06  23:52:26,A2,Empty,632,1800
2026-06-06  23:52:26,A3,Empty,956,1500
2026-06-06  23:52:28,A1,Empty,694,1500
2026-06-06  23:52:28,A2,Empty,645,1800
2026-06-06  23:52:28,A3,Empty,926,1500
2026-06-06  23:52:30,A1,Empty,698,1500
2026-06-06  23:52:30,A2,Empty,639,1800
2026-06-06  23:52:30,A3,Empty,916,1500
2026-06-06  23:52:32,A1,Empty,1001,1500
2026-06-06  23:52:32,A2,Empty,650,1800
2026-06-06  23:52:32,A3,Empty,892,1500
2026-06-06  23:52:35,A1,Empty,916,1500
2026-06-06  23:52:35,A2,Empty,645,1800
2026-06-06  23:52:35,A3,Empty,947,1500
2026-06-06  23:52:37,A1,Empty,897,1500
2026-06-06  23:52:37,A2,Empty,649,1800
2026-06-06  23:52:37,A3,Empty,907,1500
2026-06-06  23:52:39,A1,Empty,960,1500
2026-06-06  23:52:39,A2,Empty,649,1800
2026-06-06  23:52:39,A3,Empty,919,1500
2026-06-16  02:32:49,A1,Empty,1116,1500
2026-06-16  02:32:49,A2,Empty,1625,1800
2026-06-16  02:32:49,A3, Detected,2220,1500
2026-06-16  02:32:51,A1, Detected,4346,1500
2026-06-16  02:32:51,A2,Empty,1496,1800
2026-06-16  02:32:51,A3, Detected,7701,1500
2026-06-16  02:32:53,A1,Empty,1116,1500
2026-06-16  02:32:53,A2,Empty,881,1800
2026-06-16  02:32:53,A3,Empty,1246,1500
2026-06-16  02:32:55,A1,Empty,0,1500
2026-06-16  02:32:55,A2,Empty,0,1800
2026-06-16  02:32:55,A3,Empty,270,1500
2026-06-16  02:32:57,A1,Empty,1116,1500
2026-06-16  02:32:57,A2,Empty,1431,1800
2026-06-16  02:32:57,A3, Detected,2799,1500
2026-06-16  02:32:59,A1,Empty,1116,1500
2026-06-16  02:32:59,A2,Empty,1256,1800
2026-06-16  02:32:59,A3, Detected,1886,1500
2026-06-16  02:33:01,A1,Empty,0,1500
2026-06-16  02:33:01,A2,Empty,0,1800
2026-06-16  02:33:01,A3,Empty,836,1500
2026-06-16  02:33:03,A1,Empty,1116,1500
2026-06-16  02:33:03,A2,Empty,1106,1800
2026-06-16  02:33:03,A3,Empty,640,1500
2026-06-16  02:33:05,A1,Empty,0,1500
2026-06-16  02:33:05,A2,Empty,0,1800
2026-06-16  02:33:05,A3,Empty,0,1500
2026-06-16  02:33:07,A1,Empty,0,1500
2026-06-16  02:33:07,A2,Empty,0,1800
2026-06-16  02:33:07,A3,Empty,0,1500
2026-06-16  02:33:09,A1,Empty,0,1500
2026-06-16  02:33:09,A2,Empty,0,1800
2026-06-16  02:33:09,A3,Empty,0,1500
2026-06-16  02:33:11,A1,Empty,0,1500
2026-06-16  02:33:11,A2,Empty,0,1800
2026-06-16  02:33:11,A3,Empty,0,1500
2026-06-16  02:33:13,A1,Empty,553,1500
2026-06-16  02:33:13,A2,Empty,1256,1800
2026-06-16  02:33:13,A3,Empty,1091,1500
2026-06-16  02:33:15,A1,Empty,0,1500
2026-06-16  02:33:15,A2,Empty,0,1800
2026-06-16  02:33:15,A3,Empty,0,1500
2026-06-16  02:33:17,A1,Empty,1116,1500
2026-06-16  02:33:17,A2,Empty,1256,1800
2026-06-16  02:33:17,A3, Detected,1886,1500
2026-06-16  02:33:19,A1,Empty,0,1500
2026-06-16  02:33:19,A2,Empty,0,1800
2026-06-16  02:33:19,A3,Empty,0,1500
2026-06-16  02:33:21,A1,Empty,0,1500
2026-06-16  02:33:21,A2,Empty,0,1800
2026-06-16  02:33:21,A3,Empty,0,1500
2026-06-16  02:33:23,A1,Empty,0,1500
2026-06-16  02:33:23,A2,Empty,0,1800
2026-06-16  02:33:23,A3,Empty,0,1500
2026-06-16  02:33:25,A1,Empty,0,1500
2026-06-16  02:33:25,A2,Empty,0,1800
2026-06-16  02:33:25,A3,Empty,0,1500
2026-06-16  02:33:27,A1,Empty,0,1500
2026-06-16  02:33:27,A2,Empty,0,1800
2026-06-16  02:33:27,A3,Empty,0,1500
2026-06-16  02:33:29,A1,Empty,0,1500
2026-06-16  02:33:29,A2,Empty,0,1800
2026-06-16  02:33:29,A3,Empty,0,1500
2026-06-16  02:33:31,A1,Empty,0,1500
2026-06-16  02:33:31,A2,Empty,0,1800
2026-06-16  02:33:31,A3,Empty,0,1500
2026-06-16  02:33:33,A1,Empty,1116,1500
2026-06-16  02:33:33,A2,Empty,1256,1800
2026-06-16  02:33:33,A3, Detected,4171,1500
2026-06-16  02:33:35,A1,Empty,1116,1500
2026-06-16  02:33:35,A2,Empty,1256,1800
2026-06-16  02:33:35,A3, Detected,4256,1500
2026-06-16  02:33:37,A1,Empty,1116,1500
2026-06-16  02:33:37,A2,Empty,1406,1800
2026-06-16  02:33:37,A3, Detected,7198,1500
2026-06-16  02:33:39,A1,Empty,1116,1500
2026-06-16  02:33:39,A2,Empty,891,1800
2026-06-16  02:33:39,A3, Detected,1689,1500
2026-06-16  02:33:41,A1,Empty,1116,1500
2026-06-16  02:33:41,A2,Empty,869,1800
2026-06-16  02:33:41,A3, Detected,2295,1500
2026-06-16  02:33:43,A1,Empty,1116,1500
2026-06-16  02:33:43,A2,Empty,903,1800
2026-06-16  02:33:43,A3, Detected,2266,1500
2026-06-16  02:33:45,A1,Empty,1116,1500
2026-06-16  02:33:45,A2,Empty,863,1800
2026-06-16  02:33:45,A3, Detected,2375,1500
2026-06-16  02:33:47,A1,Empty,1116,1500
2026-06-16  02:33:47,A2,Empty,905,1800
2026-06-16  02:33:47,A3, Detected,2404,1500
